Langkode;HTKode;langkode_parent;langkode_parent_xl
NIN-3.0-T-C-SE-NK-0-0-C-01;0-C-01;NIN-3.0-T-C-SE-NK;NiN-3.0-T-C-SE-NK
NIN-3.0-T-C-SE-NK-0-0-C-02;0-C-02;NIN-3.0-T-C-SE-NK;NiN-3.0-T-C-SE-NK
NIN-3.0-T-C-SE-NK-0-0-C-03;0-C-03;NIN-3.0-T-C-SE-NK;NiN-3.0-T-C-SE-NK
NIN-3.0-T-C-SE-NK-0-0-C-04;0-C-04;NIN-3.0-T-C-SE-NK;NiN-3.0-T-C-SE-NK
NIN-3.0-T-C-SE-NK-0-0-C-05;0-C-05;NIN-3.0-T-C-SE-NK;NiN-3.0-T-C-SE-NK
NIN-3.0-T-C-SE-NK-0-0-C-06;0-C-06;NIN-3.0-T-C-SE-NK;NiN-3.0-T-C-SE-NK
NIN-3.0-T-C-SE-NK-0-0-C-07;0-C-07;NIN-3.0-T-C-SE-NK;NiN-3.0-T-C-SE-NK
NIN-3.0-T-C-SE-NK-0-0-C-08;0-C-08;NIN-3.0-T-C-SE-NK;NiN-3.0-T-C-SE-NK
NIN-3.0-T-C-SE-NK-0-0-D-01;0-D-01;NIN-3.0-T-C-SE-NK;NiN-3.0-T-C-SE-NK
NIN-3.0-T-C-SE-NK-0-0-D-02;0-D-02;NIN-3.0-T-C-SE-NK;NiN-3.0-T-C-SE-NK
NIN-3.0-T-C-SE-NK-0-0-D-03;0-D-03;NIN-3.0-T-C-SE-NK;NiN-3.0-T-C-SE-NK
NIN-3.0-T-C-SE-NK-0-0-E-01;0-E-01;NIN-3.0-T-C-SE-NK;NiN-3.0-T-C-SE-NK
NIN-3.0-T-C-SE-NK-0-0-E-02;0-E-02;NIN-3.0-T-C-SE-NK;NiN-3.0-T-C-SE-NK
NIN-3.0-T-C-SE-NK-0-0-E-03;0-E-03;NIN-3.0-T-C-SE-NK;NiN-3.0-T-C-SE-NK
NIN-3.0-T-A-MV-0-0-A-0-01A;A-0-01A;NIN-3.0-T-A-MV-0;
NIN-3.0-T-A-LV-BM-0-A-0-01B;A-0-01B;NIN-3.0-T-A-LV-BM;
NIN-3.0-T-A-LV-EL-0-A-0-01C;A-0-01C;NIN-3.0-T-A-LV-EL;
NIN-3.0-T-A-LV-FL-0-A-0-01D;A-0-01D;NIN-3.0-T-A-LV-FL;
NIN-3.0-T-A-LV-IB-0-A-0-01E;A-0-01E;NIN-3.0-T-A-LV-IB;
NIN-3.0-T-A-LV-TM-0-A-0-01F;A-0-01F;NIN-3.0-T-A-LV-TM;
NIN-3.0-T-A-MV-0-0-A-0-02A;A-0-02A;NIN-3.0-T-A-MV-0;
NIN-3.0-T-A-LV-BM-0-A-0-02B;A-0-02B;NIN-3.0-T-A-LV-BM;
NIN-3.0-T-A-LV-EL-0-A-0-02C;A-0-02C;NIN-3.0-T-A-LV-EL;
NIN-3.0-T-A-LV-FL-0-A-0-02D;A-0-02D;NIN-3.0-T-A-LV-FL;
NIN-3.0-T-A-LV-IB-0-A-0-02E;A-0-02E;NIN-3.0-T-A-LV-IB;
NIN-3.0-T-A-LV-TM-0-A-0-02F;A-0-02F;NIN-3.0-T-A-LV-TM;
NIN-3.0-T-A-MV-0-0-A-0-03A;A-0-03A;NIN-3.0-T-A-MV-0;
NIN-3.0-T-A-LV-BM-0-A-0-03B;A-0-03B;NIN-3.0-T-A-LV-BM;
NIN-3.0-T-A-LV-EL-0-A-0-03C;A-0-03C;NIN-3.0-T-A-LV-EL;
NIN-3.0-T-A-LV-FL-0-A-0-03D;A-0-03D;NIN-3.0-T-A-LV-FL;
NIN-3.0-T-A-MV-0-0-A-0-04A;A-0-04A;NIN-3.0-T-A-MV-0;
NIN-3.0-T-A-LV-BM-0-A-0-04B;A-0-04B;NIN-3.0-T-A-LV-BM;
NIN-3.0-T-A-LV-FL-0-A-0-04C;A-0-04C;NIN-3.0-T-A-LV-FL;
NIN-3.0-T-A-MV-0-0-A-0-05A;A-0-05A;NIN-3.0-T-A-MV-0;
NIN-3.0-T-A-LV-BM-0-A-0-05B;A-0-05B;NIN-3.0-T-A-LV-BM;
NIN-3.0-T-A-LV-FL-0-A-0-05C;A-0-05C;NIN-3.0-T-A-LV-FL;
NIN-3.0-T-A-LV-BM-0-A-0-06A;A-0-06A;NIN-3.0-T-A-LV-BM;
NIN-3.0-T-A-LV-FL-0-A-0-06B;A-0-06B;NIN-3.0-T-A-LV-FL;
NIN-3.0-T-A-LV-BM-0-A-0-07A;A-0-07A;NIN-3.0-T-A-LV-BM;
NIN-3.0-T-A-LV-FL-0-A-0-07B;A-0-07B;NIN-3.0-T-A-LV-FL;
NIN-3.0-T-A-LV-BM-0-A-0-08A;A-0-08A;NIN-3.0-T-A-LV-BM;
NIN-3.0-T-A-LV-FL-0-A-0-08B;A-0-08B;NIN-3.0-T-A-LV-FL;
NIN-3.0-T-A-LV-BM-0-A-0-09A;A-0-09A;NIN-3.0-T-A-LV-BM;
NIN-3.0-T-A-LV-FL-0-A-0-09B;A-0-09B;NIN-3.0-T-A-LV-FL;
NIN-3.0-T-A-LV-FL-0-A-0-10;A-0-10;NIN-3.0-T-A-LV-FL;NiN-3.0-T-A-LV-FL
NIN-3.0-T-A-MV-0-0-B-0-01A;B-0-01A;NIN-3.0-T-A-MV-0;
NIN-3.0-T-A-LV-EL-0-B-0-01B;B-0-01B;NIN-3.0-T-A-LV-EL;
NIN-3.0-T-A-LV-FL-0-B-0-01C;B-0-01C;NIN-3.0-T-A-LV-FL;
NIN-3.0-T-A-LV-IB-0-B-0-01D;B-0-01D;NIN-3.0-T-A-LV-IB;
NIN-3.0-T-A-LV-TM-0-B-0-01E;B-0-01E;NIN-3.0-T-A-LV-TM;
NIN-3.0-T-A-MV-0-0-B-0-02A;B-0-02A;NIN-3.0-T-A-MV-0;
NIN-3.0-T-A-LV-EL-0-B-0-02B;B-0-02B;NIN-3.0-T-A-LV-EL;
NIN-3.0-T-A-LV-IB-0-B-0-02C;B-0-02C;NIN-3.0-T-A-LV-IB;
NIN-3.0-T-A-LV-TM-0-B-0-02D;B-0-02D;NIN-3.0-T-A-LV-TM;
NIN-3.0-T-A-MV-0-0-B-0-03A;B-0-03A;NIN-3.0-T-A-MV-0;
NIN-3.0-T-A-LV-EL-0-B-0-03B;B-0-03B;NIN-3.0-T-A-LV-EL;
NIN-3.0-T-A-LV-TM-0-B-0-03C;B-0-03C;NIN-3.0-T-A-LV-TM;
NIN-3.0-T-A-MV-0-0-B-0-04A;B-0-04A;NIN-3.0-T-A-MV-0;
NIN-3.0-T-A-LV-EL-0-B-0-04B;B-0-04B;NIN-3.0-T-A-LV-EL;
NIN-3.0-T-A-LV-TM-0-B-0-04C;B-0-04C;NIN-3.0-T-A-LV-TM;
NIN-3.0-T-A-MV-0-0-B-0-05A;B-0-05A;NIN-3.0-T-A-MV-0;
NIN-3.0-T-A-LV-TM-0-B-0-05B;B-0-05B;NIN-3.0-T-A-LV-TM;
NIN-3.0-T-A-MV-0-0-B-0-06;B-0-06;NIN-3.0-T-A-MV-0;NiN-3.0-T-A-MV-0
NIN-3.0-T-A-MV-0-0-B-0-07;B-0-07;NIN-3.0-T-A-MV-0;NiN-3.0-T-A-MV-0
NIN-3.0-T-A-LV-EL-0-C-0-01A;C-0-01A;NIN-3.0-T-A-LV-EL;
NIN-3.0-T-A-LV-FL-0-C-0-01B;C-0-01B;NIN-3.0-T-A-LV-FL;
NIN-3.0-T-A-LV-IB-0-C-0-01C;C-0-01C;NIN-3.0-T-A-LV-IB;
NIN-3.0-T-A-LV-TM-0-C-0-01D;C-0-01D;NIN-3.0-T-A-LV-TM;
NIN-3.0-T-A-LV-EL-0-C-0-02A;C-0-02A;NIN-3.0-T-A-LV-EL;
NIN-3.0-T-A-LV-FL-0-C-0-02B;C-0-02B;NIN-3.0-T-A-LV-FL;
NIN-3.0-T-A-LV-IB-0-C-0-02C;C-0-02C;NIN-3.0-T-A-LV-IB;
NIN-3.0-T-A-LV-EL-0-C-0-03A;C-0-03A;NIN-3.0-T-A-LV-EL;
NIN-3.0-T-A-LV-FL-0-C-0-03B;C-0-03B;NIN-3.0-T-A-LV-FL;
NIN-3.0-T-A-LV-FL-0-C-0-04;C-0-04;NIN-3.0-T-A-LV-FL;NiN-3.0-T-A-LV-FL
NIN-3.0-T-A-LV-FL-0-C-0-05;C-0-05;NIN-3.0-T-A-LV-FL;NiN-3.0-T-A-LV-FL
NIN-3.0-T-A-LV-EL-0-D-0-01A;D-0-01A;NIN-3.0-T-A-LV-EL;
NIN-3.0-T-A-LV-FL-0-D-0-01B;D-0-01B;NIN-3.0-T-A-LV-FL;
NIN-3.0-T-A-LV-IB-0-D-0-01C;D-0-01C;NIN-3.0-T-A-LV-IB;
NIN-3.0-T-A-LV-TM-0-D-0-01D;D-0-01D;NIN-3.0-T-A-LV-TM;
NIN-3.0-T-A-LV-EL-0-D-0-02A;D-0-02A;NIN-3.0-T-A-LV-EL;
NIN-3.0-T-A-LV-FL-0-D-0-02B;D-0-02B;NIN-3.0-T-A-LV-FL;
NIN-3.0-T-A-LV-IB-0-D-0-02C;D-0-02C;NIN-3.0-T-A-LV-IB;
NIN-3.0-T-A-LV-TM-0-D-0-02D;D-0-02D;NIN-3.0-T-A-LV-TM;
NIN-3.0-T-A-LV-EL-0-D-0-03A;D-0-03A;NIN-3.0-T-A-LV-EL;
NIN-3.0-T-A-LV-FL-0-D-0-03B;D-0-03B;NIN-3.0-T-A-LV-FL;
NIN-3.0-T-A-LV-IB-0-D-0-03C;D-0-03C;NIN-3.0-T-A-LV-IB;
NIN-3.0-T-A-LV-TM-0-D-0-03D;D-0-03D;NIN-3.0-T-A-LV-TM;
NIN-3.0-T-A-LV-FL-0-D-0-04A;D-0-04A;NIN-3.0-T-A-LV-FL;
NIN-3.0-T-A-LV-IB-0-D-0-04B;D-0-04B;NIN-3.0-T-A-LV-IB;
NIN-3.0-T-A-LV-FL-0-D-0-05A;D-0-05A;NIN-3.0-T-A-LV-FL;
NIN-3.0-T-A-LV-IB-0-D-0-05B;D-0-05B;NIN-3.0-T-A-LV-IB;
NIN-3.0-T-A-LV-FL-0-D-0-06A;D-0-06A;NIN-3.0-T-A-LV-FL;
NIN-3.0-T-A-LV-IB-0-D-0-06B;D-0-06B;NIN-3.0-T-A-LV-IB;
NIN-3.0-T-A-LV-FL-0-D-0-07;D-0-07;NIN-3.0-T-A-LV-FL;NiN-3.0-T-A-LV-FL
NIN-3.0-T-A-LV-FL-0-D-0-08;D-0-08;NIN-3.0-T-A-LV-FL;NiN-3.0-T-A-LV-FL
NIN-3.0-T-A-LV-FL-0-D-0-09;D-0-09;NIN-3.0-T-A-LV-FL;NiN-3.0-T-A-LV-FL
NIN-3.0-T-A-LV-FL-0-D-0-10;D-0-10;NIN-3.0-T-A-LV-FL;NiN-3.0-T-A-LV-FL
NIN-3.0-T-A-LV-FL-0-D-0-11;D-0-11;NIN-3.0-T-A-LV-FL;NiN-3.0-T-A-LV-FL
NIN-3.0-T-A-LV-EL-0-E-0-01A;E-0-01A;NIN-3.0-T-A-LV-EL;
NIN-3.0-T-A-LV-FL-0-E-0-01B;E-0-01B;NIN-3.0-T-A-LV-FL;
NIN-3.0-T-A-LV-IB-0-E-0-01C;E-0-01C;NIN-3.0-T-A-LV-IB;
NIN-3.0-T-A-LV-TM-0-E-0-01D;E-0-01D;NIN-3.0-T-A-LV-TM;
NIN-3.0-T-A-LV-EL-0-E-0-02A;E-0-02A;NIN-3.0-T-A-LV-EL;
NIN-3.0-T-A-LV-FL-0-E-0-02B;E-0-02B;NIN-3.0-T-A-LV-FL;
NIN-3.0-T-A-LV-IB-0-E-0-02C;E-0-02C;NIN-3.0-T-A-LV-IB;
NIN-3.0-T-A-LV-TM-0-E-0-02D;E-0-02D;NIN-3.0-T-A-LV-TM;
NIN-3.0-T-A-LV-EL-0-E-0-03A;E-0-03A;NIN-3.0-T-A-LV-EL;
NIN-3.0-T-A-LV-FL-0-E-0-03B;E-0-03B;NIN-3.0-T-A-LV-FL;
NIN-3.0-T-A-LV-TM-0-E-0-03C;E-0-03C;NIN-3.0-T-A-LV-TM;
NIN-3.0-T-A-LV-EL-0-E-0-04A;E-0-04A;NIN-3.0-T-A-LV-EL;
NIN-3.0-T-A-LV-FL-0-E-0-04B;E-0-04B;NIN-3.0-T-A-LV-FL;
NIN-3.0-T-A-LV-EL-0-F-0-01A;F-0-01A;NIN-3.0-T-A-LV-EL;
NIN-3.0-T-A-LV-FL-0-F-0-01B;F-0-01B;NIN-3.0-T-A-LV-FL;
NIN-3.0-T-A-LV-IB-0-F-0-01C;F-0-01C;NIN-3.0-T-A-LV-IB;
NIN-3.0-T-A-LV-TM-0-F-0-01D;F-0-01D;NIN-3.0-T-A-LV-TM;
NIN-3.0-T-A-LV-FL-0-F-0-02A;F-0-02A;NIN-3.0-T-A-LV-FL;
NIN-3.0-T-A-LV-IB-0-F-0-02B;F-0-02B;NIN-3.0-T-A-LV-IB;
NIN-3.0-T-A-LV-FL-0-F-0-03;F-0-03;NIN-3.0-T-A-LV-FL;NiN-3.0-T-A-LV-FL
NIN-3.0-T-A-LV-FL-0-F-0-04;F-0-04;NIN-3.0-T-A-LV-FL;NiN-3.0-T-A-LV-FL
NIN-3.0-T-A-LV-FL-0-F-0-05;F-0-05;NIN-3.0-T-A-LV-FL;NiN-3.0-T-A-LV-FL
NIN-3.0-T-A-LV-FL-0-F-0-06;F-0-06;NIN-3.0-T-A-LV-FL;NiN-3.0-T-A-LV-FL
NIN-3.0-T-C-PE-NA-VM-F-A-01;F-A-01;NIN-3.0-T-C-PE-NA;NiN-3.0-T-C-PE-NA
NIN-3.0-T-C-PE-NA-VM-F-A-02;F-A-02;NIN-3.0-T-C-PE-NA;NiN-3.0-T-C-PE-NA
NIN-3.0-T-C-PE-NA-VM-F-B-01;F-B-01;NIN-3.0-T-C-PE-NA;NiN-3.0-T-C-PE-NA
NIN-3.0-T-C-PE-NA-VM-F-B-02;F-B-02;NIN-3.0-T-C-PE-NA;NiN-3.0-T-C-PE-NA
NIN-3.0-T-C-PE-NA-VM-F-B-03;F-B-03;NIN-3.0-T-C-PE-NA;NiN-3.0-T-C-PE-NA
NIN-3.0-T-C-PE-NA-VM-F-C-01;F-C-01;NIN-3.0-T-C-PE-NA;NiN-3.0-T-C-PE-NA
NIN-3.0-T-C-PE-NA-VM-F-C-02;F-C-02;NIN-3.0-T-C-PE-NA;NiN-3.0-T-C-PE-NA
NIN-3.0-T-C-PE-NA-VM-F-C-03;F-C-03;NIN-3.0-T-C-PE-NA;NiN-3.0-T-C-PE-NA
NIN-3.0-T-C-PE-NA-VM-F-C-04;F-C-04;NIN-3.0-T-C-PE-NA;NiN-3.0-T-C-PE-NA
NIN-3.0-T-C-PE-NA-VM-F-C-05;F-C-05;NIN-3.0-T-C-PE-NA;NiN-3.0-T-C-PE-NA
NIN-3.0-T-C-PE-NA-VM-F-M-01;F-M-01;NIN-3.0-T-C-PE-NA;NiN-3.0-T-C-PE-NA
NIN-3.0-T-C-PE-NA-VM-F-M-02;F-M-02;NIN-3.0-T-C-PE-NA;NiN-3.0-T-C-PE-NA
NIN-3.0-T-C-PE-NA-VM-F-M-03;F-M-03;NIN-3.0-T-C-PE-NA;NiN-3.0-T-C-PE-NA
NIN-3.0-T-C-PE-NA-VM-F-M-04;F-M-04;NIN-3.0-T-C-PE-NA;NiN-3.0-T-C-PE-NA
NIN-3.0-T-C-PE-NA-VM-F-M-05;F-M-05;NIN-3.0-T-C-PE-NA;NiN-3.0-T-C-PE-NA
NIN-3.0-T-C-LI-0-0-FS-0-01;FS-0-01;NIN-3.0-T-C-LI-0;NiN-3.0-T-C-LI-0
NIN-3.0-T-C-LI-0-0-FS-0-02;FS-0-02;NIN-3.0-T-C-LI-0;NiN-3.0-T-C-LI-0
NIN-3.0-T-C-LI-0-0-FS-0-03;FS-0-03;NIN-3.0-T-C-LI-0;NiN-3.0-T-C-LI-0
NIN-3.0-T-C-LI-0-0-FS-0-04;FS-0-04;NIN-3.0-T-C-LI-0;NiN-3.0-T-C-LI-0
NIN-3.0-T-C-LI-0-0-FS-0-05;FS-0-05;NIN-3.0-T-C-LI-0;NiN-3.0-T-C-LI-0
NIN-3.0-T-C-LI-0-0-FS-0-06;FS-0-06;NIN-3.0-T-C-LI-0;NiN-3.0-T-C-LI-0
NIN-3.0-T-C-LI-0-0-FU-0-01;FU-0-01;NIN-3.0-T-C-LI-0;NiN-3.0-T-C-LI-0
NIN-3.0-T-A-LV-EL-0-G-0-01A;G-0-01A;NIN-3.0-T-A-LV-EL;
NIN-3.0-T-A-LV-FL-0-G-0-01B;G-0-01B;NIN-3.0-T-A-LV-FL;
NIN-3.0-T-A-LV-IB-0-G-0-01C;G-0-01C;NIN-3.0-T-A-LV-IB;
NIN-3.0-T-A-LV-TM-0-G-0-01D;G-0-01D;NIN-3.0-T-A-LV-TM;
NIN-3.0-T-A-LV-FL-0-G-0-02A;G-0-02A;NIN-3.0-T-A-LV-FL;
NIN-3.0-T-A-LV-IB-0-G-0-02B;G-0-02B;NIN-3.0-T-A-LV-IB;
NIN-3.0-T-A-LV-FL-0-G-0-03A;G-0-03A;NIN-3.0-T-A-LV-FL;
NIN-3.0-T-A-LV-IB-0-G-0-03B;G-0-03B;NIN-3.0-T-A-LV-IB;
NIN-3.0-T-A-LV-FL-0-G-0-04A;G-0-04A;NIN-3.0-T-A-LV-FL;
NIN-3.0-T-A-LV-IB-0-G-0-04B;G-0-04B;NIN-3.0-T-A-LV-IB;
NIN-3.0-T-A-LV-FL-0-G-0-05;G-0-05;NIN-3.0-T-A-LV-FL;NiN-3.0-T-A-LV-FL
NIN-3.0-T-A-LV-FL-0-G-0-06;G-0-06;NIN-3.0-T-A-LV-FL;NiN-3.0-T-A-LV-FL
NIN-3.0-T-A-LV-FL-0-G-0-07;G-0-07;NIN-3.0-T-A-LV-FL;NiN-3.0-T-A-LV-FL
NIN-3.0-T-A-LV-FL-0-G-0-08;G-0-08;NIN-3.0-T-A-LV-FL;NiN-3.0-T-A-LV-FL
NIN-3.0-T-A-LV-FL-0-H-0-01A;H-0-01A;NIN-3.0-T-A-LV-FL;
NIN-3.0-T-A-LV-IB-0-H-0-01B;H-0-01B;NIN-3.0-T-A-LV-IB;
NIN-3.0-T-A-LV-TM-0-H-0-01C;H-0-01C;NIN-3.0-T-A-LV-TM;
NIN-3.0-T-A-LV-FL-0-H-0-02A;H-0-02A;NIN-3.0-T-A-LV-FL;
NIN-3.0-T-A-LV-TM-0-H-0-02B;H-0-02B;NIN-3.0-T-A-LV-TM;
NIN-3.0-T-A-LV-FL-0-H-0-03A;H-0-03A;NIN-3.0-T-A-LV-FL;
NIN-3.0-T-A-LV-TM-0-H-0-03B;H-0-03B;NIN-3.0-T-A-LV-TM;
NIN-3.0-T-A-LV-FL-0-H-0-04A;H-0-04A;NIN-3.0-T-A-LV-FL;
NIN-3.0-T-A-LV-TM-0-H-0-04B;H-0-04B;NIN-3.0-T-A-LV-TM;
NIN-3.0-T-A-LV-FL-0-H-0-05A;H-0-05A;NIN-3.0-T-A-LV-FL;
NIN-3.0-T-A-LV-TM-0-H-0-05B;H-0-05B;NIN-3.0-T-A-LV-TM;
NIN-3.0-T-A-LV-FL-0-H-0-06A;H-0-06A;NIN-3.0-T-A-LV-FL;
NIN-3.0-T-A-LV-TM-0-H-0-06B;H-0-06B;NIN-3.0-T-A-LV-TM;
NIN-3.0-T-A-LV-FL-0-H-0-07;H-0-07;NIN-3.0-T-A-LV-FL;NiN-3.0-T-A-LV-FL
NIN-3.0-T-A-LV-FL-0-H-0-08;H-0-08;NIN-3.0-T-A-LV-FL;NiN-3.0-T-A-LV-FL
NIN-3.0-T-A-LV-FL-0-H-0-09;H-0-09;NIN-3.0-T-A-LV-FL;NiN-3.0-T-A-LV-FL
NIN-3.0-T-A-LV-FL-0-H-0-10;H-0-10;NIN-3.0-T-A-LV-FL;NiN-3.0-T-A-LV-FL
NIN-3.0-T-A-LV-FL-0-H-0-11;H-0-11;NIN-3.0-T-A-LV-FL;NiN-3.0-T-A-LV-FL
NIN-3.0-T-A-LV-FL-0-H-0-12;H-0-12;NIN-3.0-T-A-LV-FL;NiN-3.0-T-A-LV-FL
NIN-3.0-T-A-LV-FL-0-H-0-13;H-0-13;NIN-3.0-T-A-LV-FL;NiN-3.0-T-A-LV-FL
NIN-3.0-T-A-LV-FL-0-H-0-14;H-0-14;NIN-3.0-T-A-LV-FL;NiN-3.0-T-A-LV-FL
NIN-3.0-T-A-LV-FL-0-H-0-15;H-0-15;NIN-3.0-T-A-LV-FL;NiN-3.0-T-A-LV-FL
NIN-3.0-T-A-LV-FL-0-H-0-16;H-0-16;NIN-3.0-T-A-LV-FL;NiN-3.0-T-A-LV-FL
NIN-3.0-T-A-LV-FL-0-H-0-17;H-0-17;NIN-3.0-T-A-LV-FL;NiN-3.0-T-A-LV-FL
NIN-3.0-T-A-LV-FL-0-H-0-18;H-0-18;NIN-3.0-T-A-LV-FL;NiN-3.0-T-A-LV-FL
NIN-3.0-T-A-LV-FL-0-H-0-19;H-0-19;NIN-3.0-T-A-LV-FL;NiN-3.0-T-A-LV-FL
NIN-3.0-T-A-LV-FL-0-H-0-20;H-0-20;NIN-3.0-T-A-LV-FL;NiN-3.0-T-A-LV-FL
NIN-3.0-T-A-LV-FL-0-H-0-21;H-0-21;NIN-3.0-T-A-LV-FL;NiN-3.0-T-A-LV-FL
NIN-3.0-T-A-LV-FL-0-H-0-22;H-0-22;NIN-3.0-T-A-LV-FL;NiN-3.0-T-A-LV-FL
NIN-3.0-T-A-LV-FL-0-H-0-23;H-0-23;NIN-3.0-T-A-LV-FL;NiN-3.0-T-A-LV-FL
NIN-3.0-T-A-LV-FL-0-H-0-24;H-0-24;NIN-3.0-T-A-LV-FL;NiN-3.0-T-A-LV-FL
NIN-3.0-T-A-LV-FL-0-H-0-25;H-0-25;NIN-3.0-T-A-LV-FL;NiN-3.0-T-A-LV-FL
NIN-3.0-T-A-LV-FL-0-H-0-26;H-0-26;NIN-3.0-T-A-LV-FL;NiN-3.0-T-A-LV-FL
NIN-3.0-T-A-LV-FL-0-H-0-27;H-0-27;NIN-3.0-T-A-LV-FL;NiN-3.0-T-A-LV-FL
NIN-3.0-T-A-LV-FL-0-H-0-28;H-0-28;NIN-3.0-T-A-LV-FL;NiN-3.0-T-A-LV-FL
NIN-3.0-T-A-LV-FL-0-H-0-29;H-0-29;NIN-3.0-T-A-LV-FL;NiN-3.0-T-A-LV-FL
NIN-3.0-T-A-LV-FL-0-H-0-30;H-0-30;NIN-3.0-T-A-LV-FL;NiN-3.0-T-A-LV-FL
NIN-3.0-T-A-LV-FL-0-I-0-01;I-0-01;NIN-3.0-T-A-LV-FL;NiN-3.0-T-A-LV-FL
NIN-3.0-T-A-LV-FL-0-I-0-01;I-0-01;NIN-3.0-T-A-LV-FL;NiN-3.0-T-A-LV-IB
NIN-3.0-T-A-LV-FL-0-I-0-01;I-0-01;NIN-3.0-T-A-LV-FL;NiN-3.0-T-C-PE-LA
NIN-3.0-T-A-LV-FL-0-I-0-02;I-0-02;NIN-3.0-T-A-LV-FL;NiN-3.0-T-A-LV-FL
NIN-3.0-T-A-LV-FL-0-I-0-02;I-0-02;NIN-3.0-T-A-LV-FL;NiN-3.0-T-A-LV-IB
NIN-3.0-T-A-LV-FL-0-I-0-02;I-0-02;NIN-3.0-T-A-LV-FL;NiN-3.0-T-C-PE-LA
NIN-3.0-T-A-LV-FL-0-I-0-03;I-0-03;NIN-3.0-T-A-LV-FL;NiN-3.0-T-A-LV-FL
NIN-3.0-T-A-LV-FL-0-I-0-03;I-0-03;NIN-3.0-T-A-LV-FL;NiN-3.0-T-A-LV-IB
NIN-3.0-T-A-LV-FL-0-I-0-03;I-0-03;NIN-3.0-T-A-LV-FL;NiN-3.0-T-C-PE-LA
NIN-3.0-T-A-LV-FL-0-I-0-04A;I-0-04A;NIN-3.0-T-A-LV-FL;
NIN-3.0-T-A-LV-IB-0-I-0-04B;I-0-04B;NIN-3.0-T-A-LV-IB;
NIN-3.0-T-A-LV-FL-0-I-0-05A;I-0-05A;NIN-3.0-T-A-LV-FL;
NIN-3.0-T-A-LV-IB-0-I-0-05B;I-0-05B;NIN-3.0-T-A-LV-IB;
NIN-3.0-T-A-LV-FL-0-I-0-06A;I-0-06A;NIN-3.0-T-A-LV-FL;
NIN-3.0-T-A-LV-IB-0-I-0-06B;I-0-06B;NIN-3.0-T-A-LV-IB;
NIN-3.0-T-A-LV-FL-0-I-0-07A;I-0-07A;NIN-3.0-T-A-LV-FL;
NIN-3.0-T-A-LV-IB-0-I-0-07B;I-0-07B;NIN-3.0-T-A-LV-IB;
NIN-3.0-T-A-LV-FL-0-I-0-08A;I-0-08A;NIN-3.0-T-A-LV-FL;
NIN-3.0-T-A-LV-IB-0-I-0-08B;I-0-08B;NIN-3.0-T-A-LV-IB;
NIN-3.0-T-A-LV-FL-0-I-0-09A;I-0-09A;NIN-3.0-T-A-LV-FL;
NIN-3.0-T-A-LV-IB-0-I-0-09B;I-0-09B;NIN-3.0-T-A-LV-IB;
NIN-3.0-T-A-LV-FL-0-I-0-10;I-0-10;NIN-3.0-T-A-LV-FL;NiN-3.0-T-A-LV-FL
NIN-3.0-T-A-LV-FL-0-I-0-11;I-0-11;NIN-3.0-T-A-LV-FL;NiN-3.0-T-A-LV-FL
NIN-3.0-T-A-LV-FL-0-I-0-12;I-0-12;NIN-3.0-T-A-LV-FL;NiN-3.0-T-A-LV-FL
NIN-3.0-T-C-PE-NA-MB-I-A-01;I-A-01;NIN-3.0-T-C-PE-NA;NiN-3.0-T-C-PE-NA
NIN-3.0-T-A-LV-FL-0-J-0-01A;J-0-01A;NIN-3.0-T-A-LV-FL;
NIN-3.0-T-A-LV-IB-0-J-0-01B;J-0-01B;NIN-3.0-T-A-LV-IB;
NIN-3.0-T-A-LV-FL-0-J-0-02;J-0-02;NIN-3.0-T-A-LV-FL;NiN-3.0-T-A-LV-FL
NIN-3.0-T-A-LV-FL-0-J-0-03;J-0-03;NIN-3.0-T-A-LV-FL;NiN-3.0-T-A-LV-FL
NIN-3.0-T-A-LV-FL-0-J-0-04;J-0-04;NIN-3.0-T-A-LV-FL;NiN-3.0-T-A-LV-FL
NIN-3.0-T-A-LV-FL-0-K-0-01;K-0-01;NIN-3.0-T-A-LV-FL;NiN-3.0-T-A-LV-FL
NIN-3.0-T-A-LV-FL-0-K-0-01;K-0-01;NIN-3.0-T-A-LV-FL;NiN-3.0-T-A-LV-IB
NIN-3.0-T-A-LV-FL-0-K-0-01;K-0-01;NIN-3.0-T-A-LV-FL;NiN-3.0-T-C-PE-LA
NIN-3.0-T-A-LV-FL-0-K-0-02;K-0-02;NIN-3.0-T-A-LV-FL;NiN-3.0-T-A-LV-FL
NIN-3.0-T-A-LV-FL-0-K-0-02;K-0-02;NIN-3.0-T-A-LV-FL;NiN-3.0-T-C-PE-LA
NIN-3.0-T-A-LV-FL-0-K-0-03;K-0-03;NIN-3.0-T-A-LV-FL;NiN-3.0-T-A-LV-FL
NIN-3.0-T-A-LV-FL-0-K-0-03;K-0-03;NIN-3.0-T-A-LV-FL;NiN-3.0-T-C-PE-LA
NIN-3.0-T-A-LV-FL-0-L-0-01A;L-0-01A;NIN-3.0-T-A-LV-FL;
NIN-3.0-T-A-LV-IB-0-L-0-01B;L-0-01B;NIN-3.0-T-A-LV-IB;
NIN-3.0-T-A-LV-FL-0-L-0-02A;L-0-02A;NIN-3.0-T-A-LV-FL;
NIN-3.0-T-A-LV-IB-0-L-0-02B;L-0-02B;NIN-3.0-T-A-LV-IB;
NIN-3.0-T-A-LV-FL-0-L-0-03;L-0-03;NIN-3.0-T-A-LV-FL;NiN-3.0-T-A-LV-FL
NIN-3.0-T-A-LV-FL-0-L-0-04;L-0-04;NIN-3.0-T-A-LV-FL;NiN-3.0-T-A-LV-FL
NIN-3.0-T-A-LV-FL-0-L-0-05;L-0-05;NIN-3.0-T-A-LV-FL;NiN-3.0-T-A-LV-FL
NIN-3.0-T-A-LV-FL-0-L-0-06;L-0-06;NIN-3.0-T-A-LV-FL;NiN-3.0-T-A-LV-FL
NIN-3.0-T-A-LV-FL-0-L-0-07;L-0-07;NIN-3.0-T-A-LV-FL;NiN-3.0-T-A-LV-FL
NIN-3.0-T-A-LV-FL-0-L-0-08;L-0-08;NIN-3.0-T-A-LV-FL;NiN-3.0-T-A-LV-FL
NIN-3.0-T-A-LV-FL-0-L-0-09;L-0-09;NIN-3.0-T-A-LV-FL;NiN-3.0-T-A-LV-FL
NIN-3.0-T-A-LV-FL-0-L-0-10;L-0-10;NIN-3.0-T-A-LV-FL;NiN-3.0-T-A-LV-FL
NIN-3.0-T-C-PE-NA-MB-L-A-01;L-A-01;NIN-3.0-T-C-PE-NA;NiN-3.0-T-C-PE-NA
NIN-3.0-T-C-PE-NA-MB-L-A-02;L-A-02;NIN-3.0-T-C-PE-NA;NiN-3.0-T-C-PE-NA
NIN-3.0-T-C-PE-NA-MB-L-A-03;L-A-03;NIN-3.0-T-C-PE-NA;NiN-3.0-T-C-PE-NA
NIN-3.0-T-C-PE-NA-MB-L-B-01;L-B-01;NIN-3.0-T-C-PE-NA;NiN-3.0-T-C-PE-NA
NIN-3.0-T-C-PE-NA-MB-L-B-02;L-B-02;NIN-3.0-T-C-PE-NA;NiN-3.0-T-C-PE-NA
NIN-3.0-T-C-PE-NA-MB-L-C-01;L-C-01;NIN-3.0-T-C-PE-NA;NiN-3.0-T-C-PE-NA
NIN-3.0-T-C-PE-NA-MB-L-C-02;L-C-02;NIN-3.0-T-C-PE-NA;NiN-3.0-T-C-PE-NA
NIN-3.0-T-C-PE-NA-MB-L-C-03;L-C-03;NIN-3.0-T-C-PE-NA;NiN-3.0-T-C-PE-NA
NIN-3.0-T-C-PE-NA-MB-L-C-04;L-C-04;NIN-3.0-T-C-PE-NA;NiN-3.0-T-C-PE-NA
NIN-3.0-T-C-PE-NA-MB-L-C-05;L-C-05;NIN-3.0-T-C-PE-NA;NiN-3.0-T-C-PE-NA
NIN-3.0-T-C-PE-NA-MB-L-C-06;L-C-06;NIN-3.0-T-C-PE-NA;NiN-3.0-T-C-PE-NA
NIN-3.0-T-C-PE-NA-MB-L-G-01;L-G-01;NIN-3.0-T-C-PE-NA;NiN-3.0-T-C-PE-NA
NIN-3.0-T-C-PE-NA-MB-L-J-01;L-J-01;NIN-3.0-T-C-PE-NA;NiN-3.0-T-C-PE-NA
NIN-3.0-T-C-PE-NA-MB-L-M-01;L-M-01;NIN-3.0-T-C-PE-NA;NiN-3.0-T-C-PE-NA
NIN-3.0-T-C-PE-NA-MB-L-M-02;L-M-02;NIN-3.0-T-C-PE-NA;NiN-3.0-T-C-PE-NA
NIN-3.0-T-C-PE-NA-MB-L-M-03;L-M-03;NIN-3.0-T-C-PE-NA;NiN-3.0-T-C-PE-NA
NIN-3.0-T-C-PE-NA-MB-L-M-04;L-M-04;NIN-3.0-T-C-PE-NA;NiN-3.0-T-C-PE-NA
NIN-3.0-T-C-PE-NA-MB-L-M-05;L-M-05;NIN-3.0-T-C-PE-NA;NiN-3.0-T-C-PE-NA
NIN-3.0-T-A-LV-FL-0-M-0-01A;M-0-01A;NIN-3.0-T-A-LV-FL;
NIN-3.0-T-A-LV-IB-0-M-0-01B;M-0-01B;NIN-3.0-T-A-LV-IB;
NIN-3.0-T-C-PE-LA-0-M-0-01C;M-0-01C;NIN-3.0-T-C-PE-LA;
NIN-3.0-T-A-LV-FL-0-M-0-02A;M-0-02A;NIN-3.0-T-A-LV-FL;
NIN-3.0-T-C-PE-LA-0-M-0-02B;M-0-02B;NIN-3.0-T-C-PE-LA;
NIN-3.0-T-A-LV-FL-0-M-0-03A;M-0-03A;NIN-3.0-T-A-LV-FL;
NIN-3.0-T-C-PE-LA-0-M-0-03B;M-0-03B;NIN-3.0-T-C-PE-LA;
NIN-3.0-T-A-LV-FL-0-M-0-04;M-0-04;NIN-3.0-T-A-LV-FL;NiN-3.0-T-A-LV-FL
NIN-3.0-T-A-LV-FL-0-M-0-05;M-0-05;NIN-3.0-T-A-LV-FL;NiN-3.0-T-A-LV-FL
NIN-3.0-T-A-LV-FL-0-M-0-06;M-0-06;NIN-3.0-T-A-LV-FL;NiN-3.0-T-A-LV-FL
NIN-3.0-T-A-LV-FL-0-M-0-07;M-0-07;NIN-3.0-T-A-LV-FL;NiN-3.0-T-A-LV-FL
NIN-3.0-T-C-PE-NA-MB-M-A-01;M-A-01;NIN-3.0-T-C-PE-NA;NiN-3.0-T-C-PE-NA
NIN-3.0-T-C-PE-NA-MB-M-A-02;M-A-02;NIN-3.0-T-C-PE-NA;NiN-3.0-T-C-PE-NA
NIN-3.0-T-C-PE-NA-MB-M-A-03;M-A-03;NIN-3.0-T-C-PE-NA;NiN-3.0-T-C-PE-NA
NIN-3.0-T-C-PE-NA-MB-M-A-04;M-A-04;NIN-3.0-T-C-PE-NA;NiN-3.0-T-C-PE-NA
NIN-3.0-T-C-PE-NA-MB-M-A-05;M-A-05;NIN-3.0-T-C-PE-NA;NiN-3.0-T-C-PE-NA
NIN-3.0-T-C-PE-NA-MB-M-A-06;M-A-06;NIN-3.0-T-C-PE-NA;NiN-3.0-T-C-PE-NA
NIN-3.0-T-C-PE-NA-MB-M-B-01;M-B-01;NIN-3.0-T-C-PE-NA;NiN-3.0-T-C-PE-NA
NIN-3.0-T-C-PE-NA-MB-M-B-02;M-B-02;NIN-3.0-T-C-PE-NA;NiN-3.0-T-C-PE-NA
NIN-3.0-T-C-PE-NA-MB-M-B-03;M-B-03;NIN-3.0-T-C-PE-NA;NiN-3.0-T-C-PE-NA
NIN-3.0-T-C-PE-NA-MB-M-C-01;M-C-01;NIN-3.0-T-C-PE-NA;NiN-3.0-T-C-PE-NA
NIN-3.0-T-C-PE-NA-MB-M-C-02;M-C-02;NIN-3.0-T-C-PE-NA;NiN-3.0-T-C-PE-NA
NIN-3.0-T-C-PE-NA-MB-M-C-03;M-C-03;NIN-3.0-T-C-PE-NA;NiN-3.0-T-C-PE-NA
NIN-3.0-T-C-PE-NA-MB-M-C-04;M-C-04;NIN-3.0-T-C-PE-NA;NiN-3.0-T-C-PE-NA
NIN-3.0-T-C-PE-NA-MB-M-C-05;M-C-05;NIN-3.0-T-C-PE-NA;NiN-3.0-T-C-PE-NA
NIN-3.0-T-C-PE-NA-MB-M-C-06;M-C-06;NIN-3.0-T-C-PE-NA;NiN-3.0-T-C-PE-NA
NIN-3.0-T-C-PE-NA-MB-M-C-07;M-C-07;NIN-3.0-T-C-PE-NA;NiN-3.0-T-C-PE-NA
NIN-3.0-T-C-PE-NA-MB-M-C-08;M-C-08;NIN-3.0-T-C-PE-NA;NiN-3.0-T-C-PE-NA
NIN-3.0-T-C-PE-NA-MB-M-C-09;M-C-09;NIN-3.0-T-C-PE-NA;NiN-3.0-T-C-PE-NA
NIN-3.0-T-C-PE-NA-MB-M-C-10;M-C-10;NIN-3.0-T-C-PE-NA;NiN-3.0-T-C-PE-NA
NIN-3.0-T-C-PE-NA-MB-M-F-01;M-F-01;NIN-3.0-T-C-PE-NA;NiN-3.0-T-C-PE-NA
NIN-3.0-T-C-PE-NA-MB-M-J-01;M-J-01;NIN-3.0-T-C-PE-NA;NiN-3.0-T-C-PE-NA
NIN-3.0-T-C-PE-NA-MB-M-M-01;M-M-01;NIN-3.0-T-C-PE-NA;NiN-3.0-T-C-PE-NA
NIN-3.0-T-C-PE-NA-MB-M-M-02;M-M-02;NIN-3.0-T-C-PE-NA;NiN-3.0-T-C-PE-NA
NIN-3.0-T-C-LI-0-0-MS-0-01;MS-0-01;NIN-3.0-T-C-LI-0;NiN-3.0-T-C-LI-0
NIN-3.0-T-C-LI-0-0-MS-0-02;MS-0-02;NIN-3.0-T-C-LI-0;NiN-3.0-T-C-LI-0
NIN-3.0-T-C-LI-0-0-MS-0-03;MS-0-03;NIN-3.0-T-C-LI-0;NiN-3.0-T-C-LI-0
NIN-3.0-T-C-LI-0-0-MS-0-04;MS-0-04;NIN-3.0-T-C-LI-0;NiN-3.0-T-C-LI-0
NIN-3.0-T-C-LI-0-0-MS-0-05;MS-0-05;NIN-3.0-T-C-LI-0;NiN-3.0-T-C-LI-0
NIN-3.0-T-C-LI-0-0-MS-0-06;MS-0-06;NIN-3.0-T-C-LI-0;NiN-3.0-T-C-LI-0
NIN-3.0-T-C-LI-0-0-MS-0-07;MS-0-07;NIN-3.0-T-C-LI-0;NiN-3.0-T-C-LI-0
NIN-3.0-T-C-LI-0-0-MS-0-08;MS-0-08;NIN-3.0-T-C-LI-0;NiN-3.0-T-C-LI-0
NIN-3.0-T-C-LI-0-0-MS-0-09;MS-0-09;NIN-3.0-T-C-LI-0;NiN-3.0-T-C-LI-0
NIN-3.0-T-C-LI-0-0-MU-0-01;MU-0-01;NIN-3.0-T-C-LI-0;NiN-3.0-T-C-LI-0
NIN-3.0-T-A-LV-FL-0-N-0-01A;N-0-01A;NIN-3.0-T-A-LV-FL;
NIN-3.0-T-A-LV-IB-0-N-0-01B;N-0-01B;NIN-3.0-T-A-LV-IB;
NIN-3.0-T-A-LV-FL-0-N-0-02A;N-0-02A;NIN-3.0-T-A-LV-FL;
NIN-3.0-T-A-LV-IB-0-N-0-02B;N-0-02B;NIN-3.0-T-A-LV-IB;
NIN-3.0-T-A-LV-FL-0-N-0-03A;N-0-03A;NIN-3.0-T-A-LV-FL;
NIN-3.0-T-A-LV-IB-0-N-0-03B;N-0-03B;NIN-3.0-T-A-LV-IB;
NIN-3.0-T-A-LV-FL-0-N-0-04A;N-0-04A;NIN-3.0-T-A-LV-FL;
NIN-3.0-T-A-LV-IB-0-N-0-04B;N-0-04B;NIN-3.0-T-A-LV-IB;
NIN-3.0-T-A-LV-FL-0-N-0-05;N-0-05;NIN-3.0-T-A-LV-FL;NiN-3.0-T-A-LV-FL
NIN-3.0-T-A-LV-FL-0-O-0-01;O-0-01;NIN-3.0-T-A-LV-FL;NiN-3.0-T-A-LV-FL
NIN-3.0-T-A-LV-FL-0-O-0-02;O-0-02;NIN-3.0-T-A-LV-FL;NiN-3.0-T-A-LV-FL
NIN-3.0-T-C-PE-NA-MB-O-A-01;O-A-01;NIN-3.0-T-C-PE-NA;NiN-3.0-T-C-PE-NA
NIN-3.0-T-C-PE-NA-MB-O-A-02;O-A-02;NIN-3.0-T-C-PE-NA;NiN-3.0-T-C-PE-NA
NIN-3.0-T-C-PE-NA-MB-O-B-01;O-B-01;NIN-3.0-T-C-PE-NA;NiN-3.0-T-C-PE-NA
NIN-3.0-T-C-PE-NA-MB-O-C-01;O-C-01;NIN-3.0-T-C-PE-NA;NiN-3.0-T-C-PE-NA
NIN-3.0-T-C-PE-NA-MB-O-C-02;O-C-02;NIN-3.0-T-C-PE-NA;NiN-3.0-T-C-PE-NA
NIN-3.0-T-C-PE-NA-MB-O-C-03;O-C-03;NIN-3.0-T-C-PE-NA;NiN-3.0-T-C-PE-NA
NIN-3.0-T-C-PE-NA-MB-O-G-01;O-G-01;NIN-3.0-T-C-PE-NA;NiN-3.0-T-C-PE-NA
NIN-3.0-T-C-PE-NA-MB-O-M-01;O-M-01;NIN-3.0-T-C-PE-NA;NiN-3.0-T-C-PE-NA
NIN-3.0-T-C-PE-NA-MB-O-M-02;O-M-02;NIN-3.0-T-C-PE-NA;NiN-3.0-T-C-PE-NA
NIN-3.0-T-A-LV-FL-0-P-0-01;P-0-01;NIN-3.0-T-A-LV-FL;NiN-3.0-T-A-LV-FL
NIN-3.0-T-A-LV-FL-0-P-0-02;P-0-02;NIN-3.0-T-A-LV-FL;NiN-3.0-T-A-LV-FL
NIN-3.0-T-A-LV-FL-0-P-0-03;P-0-03;NIN-3.0-T-A-LV-FL;NiN-3.0-T-A-LV-FL
NIN-3.0-T-A-LV-FL-0-P-0-04;P-0-04;NIN-3.0-T-A-LV-FL;NiN-3.0-T-A-LV-FL
NIN-3.0-T-A-LV-FL-0-P-0-05;P-0-05;NIN-3.0-T-A-LV-FL;NiN-3.0-T-A-LV-FL
NIN-3.0-T-A-LV-FL-0-P-0-06;P-0-06;NIN-3.0-T-A-LV-FL;NiN-3.0-T-A-LV-FL
NIN-3.0-T-A-LV-FL-0-P-0-07;P-0-07;NIN-3.0-T-A-LV-FL;NiN-3.0-T-A-LV-FL
NIN-3.0-T-A-LV-FL-0-P-0-08;P-0-08;NIN-3.0-T-A-LV-FL;NiN-3.0-T-A-LV-FL
NIN-3.0-T-C-PE-NA-VM-S-A-01;S-A-01;NIN-3.0-T-C-PE-NA;NiN-3.0-T-C-PE-NA
NIN-3.0-T-C-PE-NA-VM-S-C-01;S-C-01;NIN-3.0-T-C-PE-NA;NiN-3.0-T-C-PE-NA
NIN-3.0-T-C-PE-NA-VM-S-C-02;S-C-02;NIN-3.0-T-C-PE-NA;NiN-3.0-T-C-PE-NA
NIN-3.0-T-C-PE-NA-VM-S-C-03;S-C-03;NIN-3.0-T-C-PE-NA;NiN-3.0-T-C-PE-NA
NIN-3.0-T-C-PE-NA-VM-S-C-04;S-C-04;NIN-3.0-T-C-PE-NA;NiN-3.0-T-C-PE-NA
NIN-3.0-T-C-PE-NA-VM-S-C-05;S-C-05;NIN-3.0-T-C-PE-NA;NiN-3.0-T-C-PE-NA
NIN-3.0-T-C-PE-NA-VM-S-C-06;S-C-06;NIN-3.0-T-C-PE-NA;NiN-3.0-T-C-PE-NA
NIN-3.0-T-C-PE-NA-VM-S-C-07;S-C-07;NIN-3.0-T-C-PE-NA;NiN-3.0-T-C-PE-NA
NIN-3.0-T-C-PE-NA-VM-S-M-01;S-M-01;NIN-3.0-T-C-PE-NA;NiN-3.0-T-C-PE-NA
NIN-3.0-T-C-PE-NA-VM-S-M-02;S-M-02;NIN-3.0-T-C-PE-NA;NiN-3.0-T-C-PE-NA
NIN-3.0-T-C-PE-NA-VM-S-M-03;S-M-03;NIN-3.0-T-C-PE-NA;NiN-3.0-T-C-PE-NA
NIN-3.0-T-C-PE-NA-MB-T-A-01;T-A-01;NIN-3.0-T-C-PE-NA;NiN-3.0-T-C-PE-NA
NIN-3.0-T-C-PE-NA-MB-T-A-02;T-A-02;NIN-3.0-T-C-PE-NA;NiN-3.0-T-C-PE-NA
NIN-3.0-T-C-PE-NA-MB-T-A-03;T-A-03;NIN-3.0-T-C-PE-NA;NiN-3.0-T-C-PE-NA
NIN-3.0-T-C-PE-NA-MB-T-A-04;T-A-04;NIN-3.0-T-C-PE-NA;NiN-3.0-T-C-PE-NA
NIN-3.0-T-C-PE-NA-MB-T-B-01;T-B-01;NIN-3.0-T-C-PE-NA;NiN-3.0-T-C-PE-NA
NIN-3.0-T-C-PE-NA-MB-T-C-01;T-C-01;NIN-3.0-T-C-PE-NA;NiN-3.0-T-C-PE-NA
NIN-3.0-T-C-PE-NA-MB-T-C-02;T-C-02;NIN-3.0-T-C-PE-NA;NiN-3.0-T-C-PE-NA
NIN-3.0-T-C-PE-NA-MB-T-C-03;T-C-03;NIN-3.0-T-C-PE-NA;NiN-3.0-T-C-PE-NA
NIN-3.0-T-C-PE-NA-MB-T-C-04;T-C-04;NIN-3.0-T-C-PE-NA;NiN-3.0-T-C-PE-NA
NIN-3.0-T-C-PE-NA-MB-T-C-05;T-C-05;NIN-3.0-T-C-PE-NA;NiN-3.0-T-C-PE-NA
NIN-3.0-T-C-PE-NA-MB-T-C-06;T-C-06;NIN-3.0-T-C-PE-NA;NiN-3.0-T-C-PE-NA
NIN-3.0-T-C-PE-NA-MB-T-C-07;T-C-07;NIN-3.0-T-C-PE-NA;NiN-3.0-T-C-PE-NA
NIN-3.0-T-C-PE-NA-MB-T-C-08;T-C-08;NIN-3.0-T-C-PE-NA;NiN-3.0-T-C-PE-NA
NIN-3.0-T-C-PE-NA-MB-T-D-01;T-D-01;NIN-3.0-T-C-PE-NA;NiN-3.0-T-C-PE-NA
NIN-3.0-T-C-PE-NA-MB-T-D-02;T-D-02;NIN-3.0-T-C-PE-NA;NiN-3.0-T-C-PE-NA
NIN-3.0-T-C-PE-NA-MB-T-D-03;T-D-03;NIN-3.0-T-C-PE-NA;NiN-3.0-T-C-PE-NA
NIN-3.0-T-C-PE-NA-MB-T-D-04;T-D-04;NIN-3.0-T-C-PE-NA;NiN-3.0-T-C-PE-NA
NIN-3.0-T-C-PE-NA-MB-T-D-05;T-D-05;NIN-3.0-T-C-PE-NA;NiN-3.0-T-C-PE-NA
NIN-3.0-T-C-PE-NA-MB-T-D-06;T-D-06;NIN-3.0-T-C-PE-NA;NiN-3.0-T-C-PE-NA
NIN-3.0-T-C-PE-NA-MB-T-E-01;T-E-01;NIN-3.0-T-C-PE-NA;NiN-3.0-T-C-PE-NA
NIN-3.0-T-C-PE-NA-MB-T-E-02;T-E-02;NIN-3.0-T-C-PE-NA;NiN-3.0-T-C-PE-NA
NIN-3.0-T-C-PE-NA-MB-T-E-03;T-E-03;NIN-3.0-T-C-PE-NA;NiN-3.0-T-C-PE-NA
NIN-3.0-T-C-PE-NA-MB-T-E-04;T-E-04;NIN-3.0-T-C-PE-NA;NiN-3.0-T-C-PE-NA
NIN-3.0-T-C-PE-NA-MB-T-E-05;T-E-05;NIN-3.0-T-C-PE-NA;NiN-3.0-T-C-PE-NA
NIN-3.0-T-C-PE-NA-MB-T-E-06;T-E-06;NIN-3.0-T-C-PE-NA;NiN-3.0-T-C-PE-NA
NIN-3.0-T-C-PE-NA-MB-T-E-07;T-E-07;NIN-3.0-T-C-PE-NA;NiN-3.0-T-C-PE-NA
NIN-3.0-T-C-PE-NA-MB-T-E-08;T-E-08;NIN-3.0-T-C-PE-NA;NiN-3.0-T-C-PE-NA
NIN-3.0-T-C-PE-NA-MB-T-E-09;T-E-09;NIN-3.0-T-C-PE-NA;NiN-3.0-T-C-PE-NA
NIN-3.0-T-C-PE-NA-MB-T-F-01;T-F-01;NIN-3.0-T-C-PE-NA;NiN-3.0-T-C-PE-NA
NIN-3.0-T-C-PE-NA-MB-T-F-02;T-F-02;NIN-3.0-T-C-PE-NA;NiN-3.0-T-C-PE-NA
NIN-3.0-T-C-PE-NA-MB-T-G-01;T-G-01;NIN-3.0-T-C-PE-NA;NiN-3.0-T-C-PE-NA
NIN-3.0-T-C-PE-NA-MB-T-H-01;T-H-01;NIN-3.0-T-C-PE-NA;NiN-3.0-T-C-PE-NA
NIN-3.0-T-C-PE-NA-MB-T-I-01;T-I-01;NIN-3.0-T-C-PE-NA;NiN-3.0-T-C-PE-NA
NIN-3.0-T-C-PE-NA-MB-T-K-01;T-K-01;NIN-3.0-T-C-PE-NA;NiN-3.0-T-C-PE-NA
NIN-3.0-T-C-PE-NA-MB-T-K-02;T-K-02;NIN-3.0-T-C-PE-NA;NiN-3.0-T-C-PE-NA
NIN-3.0-T-C-PE-NA-MB-T-K-03;T-K-03;NIN-3.0-T-C-PE-NA;NiN-3.0-T-C-PE-NA
NIN-3.0-T-C-PE-NA-MB-T-L-01;T-L-01;NIN-3.0-T-C-PE-NA;NiN-3.0-T-C-PE-NA
NIN-3.0-T-C-PE-NA-MB-T-M-01;T-M-01;NIN-3.0-T-C-PE-NA;NiN-3.0-T-C-PE-NA
NIN-3.0-T-C-PE-NA-MB-T-M-02;T-M-02;NIN-3.0-T-C-PE-NA;NiN-3.0-T-C-PE-NA
NIN-3.0-T-C-PE-NA-MB-T-M-03;T-M-03;NIN-3.0-T-C-PE-NA;NiN-3.0-T-C-PE-NA
NIN-3.0-T-C-PE-NA-MB-T-M-04;T-M-04;NIN-3.0-T-C-PE-NA;NiN-3.0-T-C-PE-NA
NIN-3.0-T-C-PE-NA-MB-T-M-05;T-M-05;NIN-3.0-T-C-PE-NA;NiN-3.0-T-C-PE-NA
NIN-3.0-T-C-PE-NA-MB-T-M-06;T-M-06;NIN-3.0-T-C-PE-NA;NiN-3.0-T-C-PE-NA
NIN-3.0-T-C-PE-NA-MB-T-N-01;T-N-01;NIN-3.0-T-C-PE-NA;NiN-3.0-T-C-PE-NA
NIN-3.0-T-C-PE-NA-MB-T-N-02;T-N-02;NIN-3.0-T-C-PE-NA;NiN-3.0-T-C-PE-NA
NIN-3.0-T-C-PE-NA-MB-T-N-03;T-N-03;NIN-3.0-T-C-PE-NA;NiN-3.0-T-C-PE-NA
NIN-3.0-T-C-PE-NA-MB-T-O-01;T-O-01;NIN-3.0-T-C-PE-NA;NiN-3.0-T-C-PE-NA
NIN-3.0-T-C-PE-NA-MB-T-O-02;T-O-02;NIN-3.0-T-C-PE-NA;NiN-3.0-T-C-PE-NA
NIN-3.0-T-C-PE-NA-MB-T-O-03;T-O-03;NIN-3.0-T-C-PE-NA;NiN-3.0-T-C-PE-NA
NIN-3.0-T-C-PE-NA-MB-T-O-04;T-O-04;NIN-3.0-T-C-PE-NA;NiN-3.0-T-C-PE-NA
NIN-3.0-T-C-LI-0-0-TS-0-01;TS-0-01;NIN-3.0-T-C-LI-0;NiN-3.0-T-C-LI-0
NIN-3.0-T-C-LI-0-0-TS-0-02;TS-0-02;NIN-3.0-T-C-LI-0;NiN-3.0-T-C-LI-0
NIN-3.0-T-C-LI-0-0-TS-0-03;TS-0-03;NIN-3.0-T-C-LI-0;NiN-3.0-T-C-LI-0
NIN-3.0-T-C-LI-0-0-TS-0-04;TS-0-04;NIN-3.0-T-C-LI-0;NiN-3.0-T-C-LI-0
NIN-3.0-T-C-LI-0-0-TS-0-05;TS-0-05;NIN-3.0-T-C-LI-0;NiN-3.0-T-C-LI-0
NIN-3.0-T-C-LI-0-0-TS-0-06;TS-0-06;NIN-3.0-T-C-LI-0;NiN-3.0-T-C-LI-0
NIN-3.0-T-C-LI-0-0-TS-0-07;TS-0-07;NIN-3.0-T-C-LI-0;NiN-3.0-T-C-LI-0
NIN-3.0-T-C-LI-0-0-TS-0-08;TS-0-08;NIN-3.0-T-C-LI-0;NiN-3.0-T-C-LI-0
NIN-3.0-T-C-LI-0-0-TS-0-09;TS-0-09;NIN-3.0-T-C-LI-0;NiN-3.0-T-C-LI-0
NIN-3.0-T-C-LI-0-0-TS-0-10;TS-0-10;NIN-3.0-T-C-LI-0;NiN-3.0-T-C-LI-0
NIN-3.0-T-C-LI-0-0-TS-0-11;TS-0-11;NIN-3.0-T-C-LI-0;NiN-3.0-T-C-LI-0
NIN-3.0-T-C-LI-0-0-TS-0-12;TS-0-12;NIN-3.0-T-C-LI-0;NiN-3.0-T-C-LI-0
NIN-3.0-T-C-LI-0-0-TU-0-01;TU-0-01;NIN-3.0-T-C-LI-0;NiN-3.0-T-C-LI-0
NIN-3.0-T-C-LI-0-0-TU-0-02;TU-0-02;NIN-3.0-T-C-LI-0;NiN-3.0-T-C-LI-0
NIN-3.0-T-C-LI-0-0-U-0-01;U-0-01;NIN-3.0-T-C-LI-0;NiN-3.0-T-C-LI-0
NIN-3.0-T-C-PE-NA-MB-V-A-01;V-A-01;NIN-3.0-T-C-PE-NA;NiN-3.0-T-C-PE-NA
NIN-3.0-T-C-PE-NA-MB-V-B-01;V-B-01;NIN-3.0-T-C-PE-NA;NiN-3.0-T-C-PE-NA
NIN-3.0-T-C-PE-NA-MB-V-C-01;V-C-01;NIN-3.0-T-C-PE-NA;NiN-3.0-T-C-PE-NA
NIN-3.0-T-C-PE-NA-MB-V-C-02;V-C-02;NIN-3.0-T-C-PE-NA;NiN-3.0-T-C-PE-NA
NIN-3.0-T-C-PE-NA-MB-V-C-03;V-C-03;NIN-3.0-T-C-PE-NA;NiN-3.0-T-C-PE-NA
NIN-3.0-T-C-PE-NA-MB-V-C-04;V-C-04;NIN-3.0-T-C-PE-NA;NiN-3.0-T-C-PE-NA
NIN-3.0-T-C-PE-NA-MB-V-C-05;V-C-05;NIN-3.0-T-C-PE-NA;NiN-3.0-T-C-PE-NA
NIN-3.0-T-C-PE-NA-MB-V-E-01;V-E-01;NIN-3.0-T-C-PE-NA;NiN-3.0-T-C-PE-NA
NIN-3.0-T-C-PE-NA-MB-V-F-01;V-F-01;NIN-3.0-T-C-PE-NA;NiN-3.0-T-C-PE-NA
NIN-3.0-T-C-PE-NA-MB-V-F-02;V-F-02;NIN-3.0-T-C-PE-NA;NiN-3.0-T-C-PE-NA
NIN-3.0-T-C-PE-NA-MB-V-G-01;V-G-01;NIN-3.0-T-C-PE-NA;NiN-3.0-T-C-PE-NA
NIN-3.0-T-C-PE-NA-MB-V-G-02;V-G-02;NIN-3.0-T-C-PE-NA;NiN-3.0-T-C-PE-NA
NIN-3.0-T-C-PE-NA-MB-V-I-01;V-I-01;NIN-3.0-T-C-PE-NA;NiN-3.0-T-C-PE-NA
NIN-3.0-T-C-PE-NA-MB-V-K-01;V-K-01;NIN-3.0-T-C-PE-NA;NiN-3.0-T-C-PE-NA
NIN-3.0-T-C-PE-NA-MB-V-K-02;V-K-02;NIN-3.0-T-C-PE-NA;NiN-3.0-T-C-PE-NA
NIN-3.0-T-C-PE-NA-MB-V-M-01;V-M-01;NIN-3.0-T-C-PE-NA;NiN-3.0-T-C-PE-NA
NIN-3.0-T-C-PE-NA-MB-V-M-02;V-M-02;NIN-3.0-T-C-PE-NA;NiN-3.0-T-C-PE-NA
NIN-3.0-T-C-PE-NA-MB-V-M-03;V-M-03;NIN-3.0-T-C-PE-NA;NiN-3.0-T-C-PE-NA
NIN-3.0-T-C-PE-NA-MB-V-M-04;V-M-04;NIN-3.0-T-C-PE-NA;NiN-3.0-T-C-PE-NA
NIN-3.0-T-C-PE-NA-MB-V-M-05;V-M-05;NIN-3.0-T-C-PE-NA;NiN-3.0-T-C-PE-NA
NIN-3.0-T-C-PE-NA-MB-V-M-06;V-M-06;NIN-3.0-T-C-PE-NA;NiN-3.0-T-C-PE-NA
NIN-3.0-T-C-PE-NA-MB-V-O-01;V-O-01;NIN-3.0-T-C-PE-NA;NiN-3.0-T-C-PE-NA
