Hovedtype;Prosedyrekategori;Hovedtypegruppe;Hovedtypenavn;HTGKode;Kode
0;0;A;;0-A;0A-0-0
01;0;A;kystvann;0-A;0A-0-01
02;0;A;atlantisk vann;0-A;0A-0-02
03;0;A;intermediært vann;0-A;0A-0-03
04;0;A;dyphavsvann;0-A;0A-0-04
05;0;A;arktisk vann;0-A;0A-0-05
0;0;B;;0-B;0B-0-0
01;0;B;tidevannsbetinget fullsirkulerende fjordvann;0-B;0B-0-01
02;0;B;øvre fjordvannlag med estuarin sirkulasjon;0-B;0B-0-02
03;0;B;stabilisert varmt intermediært fjordvann;0-B;0B-0-03
04;0;B;fjord-dypvann dannet fra atlantisk vann;0-B;0B-0-04
05;0;B;fjord-dypvann dannet fra kystvann;0-B;0B-0-05
06;0;B;stabilisert kaldt fjord-dypvann;0-B;0B-0-06
07;0;B;stabilisert iskaldt fjord-dypvann;0-B;0B-0-07
0;0;FS;;0-FS;0FS-0-0
01;0;FS;hardbunn i ferskvann;0-FS;0FS-0-01
02;0;FS;bløtbunn i ferskvann;0-FS;0FS-0-02
03;0;FS;levende ferskvannsplanter;0-FS;0FS-0-03
04;0;FS;levende ferskvannsdyr;0-FS;0FS-0-04
05;0;FS;dødt organisk materiale i ferskvann;0-FS;0FS-0-05
06;0;FS;syntetiske livsmedier i ferskvann;0-FS;0FS-0-06
0;0;FU;;0-FU;0FU-0-0
01;0;FU;substratfrie livsmedier i ferskvann;0-FU;0FU-0-01
0;0;MS;;0-MS;0MS-0-0
01;0;MS;hardbunn i marine systemer;0-MS;0MS-0-01
02;0;MS;bløtbunni marine systemer;0-MS;0MS-0-02
02;0;MS;bløtbunn i marine systemer;0-MS;0MS-0-02
03;0;MS;biogene karbonatsubstrater fra døde organismer i marine systemer;0-MS;0MS-0-03
04;0;MS;levende organismer med karbonatsubstrater i marine systemer;0-MS;0MS-0-04
05;0;MS;levende marine planter;0-MS;0MS-0-05
06;0;MS;levende marine dyr;0-MS;0MS-0-06
07;0;MS;dødt plantemateriale i marine systemer;0-MS;0MS-0-07
08;0;MS;døde dyr i marine systemer;0-MS;0MS-0-08
09;0;MS;syntetiske livsmedier i marine systemer;0-MS;0MS-0-09
0;0;MU;;0-MU;0MU-0-0
01;0;MU;substratfrie livsmedier i marine systemer;0-MU;0MU-0-01
0;0;TS;;0-TS;0TS-0-0
01;0;TS;grovere uorganiske substrater på land;0-TS;0TS-0-01
02;0;TS;finere uorganiske substrater på land;0-TS;0TS-0-02
03;0;TS;organisk jord;0-TS;0TS-0-03
04;0;TS;levende, ikke forvedete planter på land;0-TS;0TS-0-04
05;0;TS;bladverk, nåleverk og reproduktive deler av levende forvedete planter på land;0-TS;0TS-0-05
06;0;TS;ved-livsmedier;0-TS;0TS-0-06
07;0;TS;lav og markboende sopp;0-TS;0TS-0-07
08;0;TS;levende dyr og dyrebo;0-TS;0TS-0-08
09;0;TS;dødt plantemateriale;0-TS;0TS-0-09
10;0;TS;dødt animalsk materiale;0-TS;0TS-0-10
11;0;TS;dyremøkk og fuglegjødsel;0-TS;0TS-0-11
12;0;TS;syntetiske livsmedier på land;0-TS;0TS-0-12
0;0;TU;;0-TU;0TU-0-0
01;0;TU;snø og is på land;0-TU;0TU-0-01
02;0;TU;luft;0-TU;0TU-0-02
01;0;U;substratfrie livsmedier i ferskvann;0-U;0U-0-01
0;0;A;;BM-A;BA-0-0
01;0;A;brekappe;BM-A;BA-0-01
02;0;A;sammensatt bre;BM-A;BA-0-02
03;0;A;utløpsbre;BM-A;BA-0-03
04;0;A;dalbre;BM-A;BA-0-04
05;0;A;botnbre;BM-A;BA-0-05
06;0;A;dalsidebre;BM-A;BA-0-06
07;0;A;regenerert bre;BM-A;BA-0-07
08;0;A;isfonn;BM-A;BA-0-08
09;0;A;steinbre med bre-opphav;BM-A;BA-0-09
0;0;A;;EL-A;EA-0-0
01;0;A;elveløp i fast fjell med foss;EL-A;EA-0-01
02;0;A;elveløp i fast fjell uten foss;EL-A;EA-0-02
03;0;A;elveløp i karstfjell;EL-A;EA-0-03
0;0;B;;EL-B;EB-0-0
01;0;B;stein- og blokkdominert fluvialt elveløp med kaskade- eller trappetrinnsmorfologi;EL-B;EB-0-01
02;0;B;fluvialt elveløp med jevn, grus- og steindominert bunn;EL-B;EB-0-02
03;0;B;fluvialt elveløp med kulp-strykmorfologi;EL-B;EB-0-03
04;0;B;enkelt fluvialt elveløp med jevn, sand- og/eller finmaterialdominert bunn;EL-B;EB-0-04
0;0;C;;EL-C;EC-0-0
01;0;C;stein- og blokkdominert glasifluvialt elveløp med kaskade- eller trappetrinnsmorfologi;EL-C;EC-0-01
02;0;C;glasifluvialt elveløp med jevn, grus- og steindominert bunn;EL-C;EC-0-02
03;0;C;glasifluvialt elveløp med kulp-strykmorfologi;EL-C;EC-0-03
0;0;D;;EL-D;ED-0-0
01;0;D;elveløp gjennom leire;EL-D;ED-0-01
02;0;D;enkelt elveløp i torv;EL-D;ED-0-02
03;0;D;enkelt elveløp gjennom torv, med sedimentbunn;EL-D;ED-0-03
0;0;E;;EL-E;EE-0-0
01;0;E;elveprosesspreget kompleks elvemunning i innsjø;EL-E;EE-0-01
02;0;E;bølgeprosesspreget kompleks elvemunning i innsjø;EL-E;EE-0-02
03;0;E;bølgeprosesspreget kompleks elvemunning i saltvann;EL-E;EE-0-03
04;0;E;tidevannspreget elvemunning;EL-E;EE-0-04
0;0;F;;EL-F;EF-0-0
01;0;F;elveløp med klart endret hydromorfologi;EL-F;EF-0-01
0;0;G;;EL-G;EG-0-0
01;0;G;kunstige elveløp og elveløp med sterkt endret hydromorfologi;EL-G;EG-0-01
0;0;A;;FL-A;FA-0-0
01;0;A;breelvdelta;FL-A;FA-0-01
02;0;A;esker;FL-A;FA-0-02
03;0;A;gjel;FL-A;FA-0-03
04;0;A;kame;FL-A;FA-0-04
05;0;A;kameterrasse;FL-A;FA-0-05
06;0;A;sandur;FL-A;FA-0-06
07;0;A;bresjødelta;FL-A;FA-0-07
08;0;A;spylefelt;FL-A;FA-0-08
09;0;A;spylerenne;FL-A;FA-0-09
10;0;A;tunneldal;FL-A;FA-0-10
0;0;B;;FL-B;FB-0-0
01;0;B;korallrev;FL-B;FB-0-01
0;0;C;;FL-C;FC-0-0
01;0;C;flomkanal fra bresjøtapping;FL-C;FC-0-01
02;0;C;flombanke fra bresjøtapping;FL-C;FC-0-02
03;0;C;flomdyne fra bresjøtapping;FL-C;FC-0-03
04;0;C;oppskyllingsnivå fra bresjøtapping;FL-C;FC-0-04
05;0;C;bresjøstrandlinje;FL-C;FC-0-05
0;0;D;;FL-D;FD-0-0
01;0;D;elvebanke;FL-D;FD-0-01
02;0;D;elvedelta;FL-D;FD-0-02
03;0;D;meanderbue;FL-D;FD-0-03
04;0;D;ravine i bresjøsediment;FL-D;FD-0-04
05;0;D;leirravine;FL-D;FD-0-05
06;0;D;ravine i morene;FL-D;FD-0-06
07;0;D;elveskrent;FL-D;FD-0-07
08;0;D;elveslette;FL-D;FD-0-08
09;0;D;V-dal;FL-D;FD-0-09
10;0;D;elvevifte;FL-D;FD-0-10
11;0;D;elvevoll;FL-D;FD-0-11
0;0;E;;FL-E;FE-0-0
01;0;E;aksedal;FL-E;FE-0-01
02;0;E;forkastningsrygg;FL-E;FE-0-02
03;0;E;forkastningstrinn;FL-E;FE-0-03
04;0;E;sprekkekløft og sprekkedal;FL-E;FE-0-04
0;0;F;;FL-F;FF-0-0
01;0;F;iskile;FL-F;FF-0-01
02;0;F;pingo;FL-F;FF-0-02
03;0;F;steinbre;FL-F;FF-0-03
04;0;F;strukturmark;FL-F;FF-0-04
05;0;F;sigejordstunge;FL-F;FF-0-05
06;0;F;termokarst;FL-F;FF-0-06
0;0;G;;FL-G;FG-0-0
01;0;G;doline;FL-G;FG-0-01
02;0;G;karstgrotte;FL-G;FG-0-02
03;0;G;karstdekke;FL-G;FG-0-03
04;0;G;polje;FL-G;FG-0-04
05;0;G;sinterterrasse;FL-G;FG-0-05
06;0;G;sokkelstein;FL-G;FG-0-06
07;0;G;tafone;FL-G;FG-0-07
08;0;G;tor;FL-G;FG-0-08
0;0;H;;FL-H;FH-0-0
01;0;H;botn;FL-H;FH-0-01
02;0;H;de Geer-morene;FL-H;FH-0-02
03;0;H;dødisgrop;FL-H;FH-0-03
04;0;H;drumlin;FL-H;FH-0-04
05;0;H;egg;FL-H;FH-0-05
06;0;H;flyttblokk;FL-H;FH-0-06
07;0;H;flute;FL-H;FH-0-07
08;0;H;dalsidesva;FL-H;FH-0-08
09;0;H;fjord;FL-H;FH-0-09
10;0;H;glasitektonisk grop og haug;FL-H;FH-0-10
11;0;H;grunningssonekile;FL-H;FH-0-11
12;0;H;hengende dal;FL-H;FH-0-12
13;0;H;isfjellgrop;FL-H;FH-0-13
14;0;H;iskjernemorene;FL-H;FH-0-14
15;0;H;isfjellpløyespor;FL-H;FH-0-15
16;0;H;isskuringsstripe;FL-H;FH-0-16
17;0;H;jettegryte;FL-H;FH-0-17
18;0;H;knaus og hale;FL-H;FH-0-18
19;0;H;megaskala glasial lineasjon;FL-H;FH-0-19
20;0;H;morenehaug;FL-H;FH-0-20
21;0;H;murtoo-morene;FL-H;FH-0-21
22;0;H;plastisk form;FL-H;FH-0-22
23;0;H;randmorene;FL-H;FH-0-23
24;0;H;rogenmorene;FL-H;FH-0-24
25;0;H;rundsva;FL-H;FH-0-25
26;0;H;sprekkefyllrygg;FL-H;FH-0-26
27;0;H;tind;FL-H;FH-0-27
28;0;H;traumunningsvifte;FL-H;FH-0-28
29;0;H;U-dal;FL-H;FH-0-29
30;0;H;veikimorene;FL-H;FH-0-30
0;0;I;;FL-I;FI-0-0
01;0;I;brenningsgrotte;FL-I;FI-0-01
02;0;I;kystklippe;FL-I;FI-0-02
03;0;I;krumodde;FL-I;FI-0-03
04;0;I;kystrestfjell;FL-I;FI-0-04
05;0;I;leirslette;FL-I;FI-0-05
06;0;I;rauk;FL-I;FI-0-06
07;0;I;revle;FL-I;FI-0-07
08;0;I;strandflate;FL-I;FI-0-08
09;0;I;strandlinje;FL-I;FI-0-09
10;0;I;strandvoll;FL-I;FI-0-10
11;0;I;tidevannsslette;FL-I;FI-0-11
12;0;I;tombolo;FL-I;FI-0-12
0;0;J;;FL-J;FJ-0-0
01;0;J;benk;FL-J;FJ-0-01
02;0;J;cuesta;FL-J;FJ-0-02
03;0;J;hogback;FL-J;FJ-0-03
04;0;J;platåfjell;FL-J;FJ-0-04
0;0;K;;FL-K;FK-0-0
01;0;K;dekkerestfjell;FL-K;FK-0-01
02;0;K;foldeås;FL-K;FK-0-02
03;0;K;kalkrygg;FL-K;FK-0-03
0;0;L;;FL-L;FL-0-0
01;0;L;flomskredformer;FL-L;FL-0-01
02;0;L;fjellskredformer;FL-L;FL-0-02
03;0;L;jordpyramide;FL-L;FL-0-03
04;0;L;jordskredformer;FL-L;FL-0-04
05;0;L;leirskredgrop;FL-L;FL-0-05
06;0;L;steinsprangblokk;FL-L;FL-0-06
07;0;L;snøskredformer;FL-L;FL-0-07
08;0;L;talus;FL-L;FL-0-08
09;0;L;talusvoll;FL-L;FL-0-09
10;0;L;undersjøiske skredformer;FL-L;FL-0-10
0;0;M;;FL-M;FM-0-0
01;0;M;havbunnskanal;FL-M;FM-0-01
02;0;M;konturitt;FL-M;FM-0-02
03;0;M;havbunnssedimentbanke;FL-M;FM-0-03
04;0;M;strømgrop;FL-M;FM-0-04
05;0;M;sedimentbølge;FL-M;FM-0-05
06;0;M;havbunnsstrømrenne;FL-M;FM-0-06
07;0;M;havbunnsstrømningsspor;FL-M;FM-0-07
0;0;N;;FL-N;FN-0-0
01;0;N;diapir;FL-N;FN-0-01
02;0;N;gasshydrateksplosjonskrater;FL-N;FN-0-02
03;0;N;gasshydratpingo;FL-N;FN-0-03
04;0;N;pockmark;FL-N;FN-0-04
05;0;N;slamvulkan;FL-N;FN-0-05
0;0;O;;FL-O;FO-0-0
01;0;O;deflasjonsgrop;FL-O;FO-0-01
02;0;O;flygesanddyne;FL-O;FO-0-02
0;0;P;;FL-P;FP-0-0
01;0;P;hydrotermisk haug;FL-P;FP-0-01
02;0;P;hydrotermisk skorstein;FL-P;FP-0-02
03;0;P;lavastrøm;FL-P;FP-0-03
04;0;P;lavatunnel;FL-P;FP-0-04
05;0;P;undervannsfjell;FL-P;FP-0-05
06;0;P;vulkankjegle;FL-P;FP-0-06
07;0;P;vulkankrater;FL-P;FP-0-07
08;0;P;vulkanspalte;FL-P;FP-0-08
0;0;A;;IB-A;IA-0-0
01;0;A;basseng i avsnørt havbukt;IB-A;IA-0-01
02;0;A;basseng betinget av strukturgeologiske prosesser;IB-A;IA-0-02
0;0;B;;IB-B;IB-0-0
01;0;B;jord- og steinskredbasseng;IB-B;IB-0-01
02;0;B;leirskredbasseng;IB-B;IB-0-02
0;0;C;;IB-C;IC-0-0
01;0;C;basseng på bre;IB-C;IC-0-01
02;0;C;basseng med terskel av breis;IB-C;IC-0-02
0;0;D;;IB-D;ID-0-0
01;0;D;fjordsjøbasseng;IB-D;ID-0-01
02;0;D;U-dalsbasseng;IB-D;ID-0-02
03;0;D;skålbasseng;IB-D;ID-0-03
04;0;D;botnbasseng;IB-D;ID-0-04
05;0;D;løsmassedemt dalbasseng;IB-D;ID-0-05
06;0;D;torvdemt skålbasseng;IB-D;ID-0-06
0;0;E;;IB-E;IE-0-0
01;0;E;morenebasseng;IB-E;IE-0-01
02;0;E;basseng i breelv-sedimenter;IB-E;IE-0-02
0;0;F;;IB-F;IF-0-0
01;0;F;termokarst-basseng;IB-F;IF-0-01
02;0;F;pingo-basseng;IB-F;IF-0-02
0;0;G;;IB-G;IG-0-0
01;0;G;karstbasseng;IB-G;IG-0-01
02;0;G;kalkgrottebasseng;IB-G;IG-0-02
03;0;G;kalksinterbasseng;IB-G;IG-0-03
04;0;G;sprekkedal-basseng;IB-G;IG-0-04
0;0;H;;IB-H;IH-0-0
01;0;H;V-dalsbasseng;IB-H;IH-0-01
0;0;I;;IB-I;II-0-0
01;0;I;basseng avsnørt fra innsjø;IB-I;II-0-01
02;0;I;basseng avsnørt fra sideelv;IB-I;II-0-02
03;0;I;deltabankebasseng;IB-I;II-0-03
04;0;I;elveslettebasseng;IB-I;II-0-04
05;0;I;kroksjø-basseng;IB-I;II-0-05
06;0;I;innersving-basseng;IB-I;II-0-06
07;0;I;yttersving-basseng;IB-I;II-0-07
08;0;I;bakevje-basseng;IB-I;II-0-08
09;0;I;trestammedemt basseng;IB-I;II-0-09
0;0;J;;IB-J;IJ-0-0
01;0;J;dynetrau-basseng;IB-J;IJ-0-01
0;0;K;;IB-K;IK-0-0
01;0;K;strandvoll-basseng;IB-K;IK-0-01
0;0;L;;IB-L;IL-0-0
01;0;L;flarkgjøl-basseng;IB-L;IL-0-01
02;0;L;høljegjøl-basseng;IB-L;IL-0-02
0;0;M;;IB-M;IM-0-0
01;0;M;beverdam;IB-M;IM-0-01
0;0;N;;IB-N;IN-0-0
01;0;N;reguleringsbasseng;IB-N;IN-0-01
02;0;N;sedimentbunn-basseng;IB-N;IN-0-02
03;0;N;fastfjellsbasseng;IB-N;IN-0-03
04;0;N;basseng i nytt materiale;IB-N;IN-0-04
-;0;I;;LA-I;LI-0--
01;0;I;innlandsås- og fjellandskap;LA-I;LI-0-01
02;0;I;innlandsdallandskap;LA-I;LI-0-02
03;0;I;innlandsslettelandskap;LA-I;LI-0-03
-;0;K;;LA-K;LK-0--
01;0;K;kystås- og kystfjellandskap;LA-K;LK-0-01
02;0;K;fjordlandskap;LA-K;LK-0-02
03;0;K;kystslettelandskap;LA-K;LK-0-03
-;0;M;;LA-M;LM-0--
01;0;M;marine ås- og fjellandskap;LA-M;LM-0-01
02;0;M;marine dallandskap;LA-M;LM-0-02
03;0;M;marine sletter;LA-M;LM-0-03
01;C;0;varmkildekompleks;NK-0;N0-C-01
02;C;0;ferskvannskildekompleks;NK-0;N0-C-02
03;C;0;ferskvanns- og våtmarkskildekompleks;NK-0;N0-C-03
04;C;0;torvkildekompleks;NK-0;N0-C-04
05;C;0;grunnkildekompleks;NK-0;N0-C-05
06;C;0;fuglefjellkompleks;NK-0;N0-C-06
07;C;0;saltpannekompleks;NK-0;N0-C-07
08;C;0;snøleiekompleks;NK-0;N0-C-08
01;D;0;flomskredkompleks;NK-0;N0-D-01
02;D;0;rasmarkskompleks;NK-0;N0-D-02
03;D;0;fossesprutkompleks;NK-0;N0-D-03
01;E;0;sanddynekompleks;NK-0;N0-E-01
02;E;0;skredmarkskompleks;NK-0;N0-E-02
03;E;0;flommarkskompleks;NK-0;N0-E-03
0;0;C;;NK-C;NC-0-0
0;0;D;;NK-D;ND-0-0
0;0;E;;NK-E;NE-0-0
0;0;F;;NA-F;NF-0-0
01;A;F;lagdelte, fullsirkulerende, naturlig fisketomme innsjø-vannmassesystemer;NA-F;NF-A-01
02;A;F;ikke lagdelte, fullsirkulerende, naturlig fisketomme innsjø-vannmassesystemer;NA-F;NF-A-02
01;B;F;lagdelte, fullsirkulerende innsjø-vannmassesystemer;NA-F;NF-B-01
02;B;F;ikke lagdelte innsjø-vannmassesystemer;NA-F;NF-B-02
03;B;F;elvevannmassesystemer;NA-F;NF-B-03
01;C;F;bresjø-vannmassesystemer;NA-F;NF-C-01
02;C;F;grottesjø-vannmassesystemer;NA-F;NF-C-02
03;C;F;limniske vannmassesystemer preget av naturlig gjødsling;NA-F;NF-C-03
04;C;F;innsjø-vannmassesystemer preget av oksygenmangel;NA-F;NF-C-04
05;C;F;limniske vannmassesystemer på isoverflate;NA-F;NF-C-05
01;M;F;nye innsjø-vannmassesystemer;NA-F;NF-M-01
02;M;F;innsjø-vannmassesystemer preget av kronisk fysikalsk-kjemisk påvirkning;NA-F;NF-M-02
03;M;F;innsjø-vannmassesystemer preget av introduksjon eller bortfall av strukturerende organismer;NA-F;NF-M-03
04;M;F;elvevannmassesystemer preget av kronisk fysikalsk-kjemisk påvirkning;NA-F;NF-M-04
05;M;F;elvevannmassesystemer preget av introduksjon eller bortfall av strukturerende organismer;NA-F;NF-M-05
0;0;I;;NA-I;NI-0-0
01;A;I;snø og isflater;NA-I;NI-A-01
0;0;L;;NA-L;NL-0-0
01;A;L;eufotisk fast innsjøbunn;NA-L;NL-A-01
02;A;L;eufotisk innsjø-sedimentbunn;NA-L;NL-A-02
03;A;L;afotisk innsjøbunn;NA-L;NL-A-03
01;B;L;helofytt-ferskvannssump;NA-L;NL-B-01
02;B;L;innsjø-undervannseng;NA-L;NL-B-02
01;C;L;myrtorv-innsjøbunn;NA-L;NL-C-01
02;C;L;dy- og gytjebunn i innsjø;NA-L;NL-C-02
03;C;L;innsjøbunn som består av grovt organisk materiale;NA-L;NL-C-03
04;C;L;innsjøbunn preget av oksygenmangel;NA-L;NL-C-04
05;C;L;innsjø-isbunn;NA-L;NL-C-05
06;C;L;innsjø-sedimentbunn betinget av naturlig gjødsling;NA-L;NL-C-06
01;G;L;ny innsjøbunn;NA-L;NL-G-01
01;J;L;klart endret innsjøbunn preget av næringsstoff-overbelastning;NA-L;NL-J-01
01;M;L;ny sterkt endret innsjøbunn;NA-L;NL-M-01
02;M;L;ny innsjøbunn med opphav i elvebunn;NA-L;NL-M-02
03;M;L;ny innsjøbunn med opphav i våtmarkssystemer;NA-L;NL-M-03
04;M;L;innsjøbunn preget av kronisk fysisk forstyrrelse;NA-L;NL-M-04
05;M;L;innsjøbunn preget av kronisk fysiskalsk-kjemisk påvirkning;NA-L;NL-M-05
0;0;M;;NA-M;NM-0-0
01;A;M;fast saltvanns-fjærebeltebunn;NA-M;NM-A-01
02;A;M;eufotisk fast saltvannsbunn;NA-M;NM-A-02
03;A;M;afotisk fast saltvannsbunn;NA-M;NM-A-03
04;A;M;fjærebelte-sedimentbunn;NA-M;NM-A-04
05;A;M;eufotisk saltvanns-sedimentbunn;NA-M;NM-A-05
06;A;M;afotisk saltvanns-sedimentbunn;NA-M;NM-A-06
01;B;M;marin helofyttsump;NA-M;NM-B-01
02;B;M;saltvanns-undervannseng;NA-M;NM-B-02
03;B;M;korallrev;NA-M;NM-B-03
01;C;M;fast brakkvanns-fjærebeltebunn;NA-M;NM-C-01
02;C;M;fast brakkvannsbunn;NA-M;NM-C-02
03;C;M;littoralbassengbunn;NA-M;NM-C-03
04;C;M;brakkvanns-sedimentbunn;NA-M;NM-C-04
05;C;M;marine grotter og overheng;NA-M;NM-C-05
06;C;M;kald havkilde;NA-M;NM-C-06
07;C;M;varm havkilde;NA-M;NM-C-07
08;C;M;marint bunnsystem preget av oksygenmangel;NA-M;NM-C-08
09;C;M;havisbunn;NA-M;NM-C-09
10;C;M;havis-underside;NA-M;NM-C-10
01;F;M;brakkvanns-undervannseng;NA-M;NM-F-01
01;J;M;taretrålingsbunn;NA-M;NM-J-01
01;M;M;sterkt endret eller ny marin bunn;NA-M;NM-M-01
02;M;M;sterkt endret marin bunn preget av kronisk kjemisk påvirkning;NA-M;NM-M-02
0;0;O;;NA-O;NO-0-0
01;A;O;fast elvebunn;NA-O;NO-A-01
02;A;O;elvesedimentbunn;NA-O;NO-A-02
01;B;O;elve-undervannseng;NA-O;NO-B-01
01;C;O;ferskvannskildebunn;NA-O;NO-C-01
02;C;O;varm ferskvannskildebunn;NA-O;NO-C-02
03;C;O;dy- og gytjebunn i elv;NA-O;NO-C-03
01;G;O;ny elvebunn;NA-O;NO-G-01
01;M;O;elvebunn preget av kronisk fysisk forstyrrelse;NA-O;NO-M-01
02;M;O;elvebunn preget av kronisk fysikalsk-kjemisk påvirkning;NA-O;NO-M-02
0;0;S;;NA-S;NS-0-0
01;A;S;eufotiske havvannmassesystemer sør for iskanten;NA-S;NS-A-01
01;C;S;afotiske havvannmassesystemer;NA-S;NS-C-01
02;C;S;eufotiske fjordvannmassesystemer;NA-S;NS-C-02
03;C;S;afotiske sirkulerende fjordvannmassesystemer;NA-S;NS-C-03
04;C;S;marine vannmassesystemer preget av oksygenmangel;NA-S;NS-C-04
05;C;S;marine vannmassesystemer i poller og littoralbasseng;NA-S;NS-C-05
06;C;S;marine vannmassesystemer nær og nord for iskanten;NA-S;NS-C-06
07;C;S;marine vannmassesystemer på polar havis;NA-S;NS-C-07
01;M;S;nye marine vannmassesystemer;NA-S;NS-M-01
02;M;S;marine vannmassesystemer preget av kronisk fysisk påvirkning;NA-S;NS-M-02
03;M;S;marine vannmassesystemer preget av kronisk fysikalsk-kjemisk påvirkning;NA-S;NS-M-03
0;0;T;;NA-T;NT-0-0
01;A;T;nakent berg;NA-T;NT-A-01
02;A;T;åpen grunnlendt mark;NA-T;NT-A-02
03;A;T;arktisk-alpin hei og leside;NA-T;NT-A-03
04;A;T;arktisk-alpin grasmark;NA-T;NT-A-04
01;B;T;fastmarksskogsmark;NA-T;NT-B-01
01;C;T;strandberg;NA-T;NT-C-01
02;C;T;grotte og overheng;NA-T;NT-C-02
03;C;T;løsmasse-strand;NA-T;NT-C-03
04;C;T;saltanrikningsmark;NA-T;NT-C-04
05;C;T;strandeng;NA-T;NT-C-05
06;C;T;fuglefjell-eng;NA-T;NT-C-06
07;C;T;fugletopp;NA-T;NT-C-07
08;C;T;snøleie;NA-T;NT-C-08
01;D;T;rasmark;NA-T;NT-D-01
02;D;T;flomskredmark;NA-T;NT-D-02
03;D;T;rasmarkeng;NA-T;NT-D-03
04;D;T;fosse-eng;NA-T;NT-D-04
05;D;T;naturlig beitebetinget eng;NA-T;NT-D-05
06;D;T;rabbe;NA-T;NT-D-06
01;E;T;sanddynemark;NA-T;NT-E-01
02;E;T;aktiv skredmark;NA-T;NT-E-02
03;E;T;åpen flomfastmark;NA-T;NT-E-03
04;E;T;langvarig oversvømt flommark;NA-T;NT-E-04
05;E;T;oppfrysingsmark;NA-T;NT-E-05
06;E;T;marin driftvoll;NA-T;NT-E-06
07;E;T;ferskvannsdriftvoll;NA-T;NT-E-07
08;E;T;flommarkseng;NA-T;NT-E-08
09;E;T;isinnfrysingsmark;NA-T;NT-E-09
01;F;T;sand- og dyneskogsmark;NA-T;NT-F-01
02;F;T;flomskogsmark;NA-T;NT-F-02
01;G;T;nakne løsmasser;NA-T;NT-G-01
01;H;T;avskoget hei og eng;NA-T;NT-H-01
01;I;T;klart endret skogsmark;NA-T;NT-I-01
01;K;T;semi-naturlig eng;NA-T;NT-K-01
02;K;T;semi-naturlig strandeng;NA-T;NT-K-02
03;K;T;kystlynghei;NA-T;NT-K-03
01;L;T;ny eng med semi-naturlig preg;NA-T;NT-L-01
01;M;T;hard sterkt endret fastmark;NA-T;NT-M-01
02;M;T;ny hard fastmark på tørrlagt ferskvannsbunn;NA-T;NT-M-02
03;M;T;løs sterkt endret fastmark;NA-T;NT-M-03
04;M;T;ny løs fastmark på tørrlagt ferskvannsbunn;NA-T;NT-M-04
05;M;T;ny løs fastmark på drenert våtmark;NA-T;NT-M-05
06;M;T;sterkt endret skogsmark;NA-T;NT-M-06
01;N;T;blomsterbed og annen hyppig bearbeidet mark;NA-T;NT-N-01
02;N;T;blomsterenger, usprøytete vegkanter og liknende med semi-naturlig hevdpreg;NA-T;NT-N-02
03;N;T;Vegkanter, plener, parker og liknende uten semi-naturlig hevdpreg;NA-T;NT-N-03
03;N;T;vegkanter, plener, parker og liknende uten semi-naturlig hevdpreg;NA-T;NT-N-03
01;O;T;åker;NA-T;NT-O-01
02;O;T;oppdyrket mark med semi-naturlig engpreg;NA-T;NT-O-02
03;O;T;oppdyrket varig eng;NA-T;NT-O-03
04;O;T;upløyd jordbruksmark med intensivt hevdpreg;NA-T;NT-O-04
0;0;V;;NA-V;NV-0-0
01;A;V;åpen jordvannsmyr;NA-V;NV-A-01
01;B;V;myr- og sumpskogsmark;NA-V;NV-B-01
01;C;V;åpen nedbørsmyr;NA-V;NV-C-01
02;C;V;torvmarkskilde;NA-V;NV-C-02
03;C;V;grunnkilde;NA-V;NV-C-03
04;C;V;våt- og kildesnøleie;NA-V;NV-C-04
05;C;V;permafrost-våtmark;NA-V;NV-C-05
01;E;V;oppfrysingsvåtmark;NA-V;NV-E-01
01;F;V;nedbørsmyr-skogsmark;NA-V;NV-F-01
02;F;V;strandsumpskogsmark;NA-V;NV-F-02
01;G;V;ny naturgitt torvmark;NA-V;NV-G-01
02;G;V;ny naturgitt grunn våtmark;NA-V;NV-G-02
01;I;V;klart endret våtmarksskogsmark;NA-V;NV-I-01
01;K;V;slåttemyr;NA-V;NV-K-01
02;K;V;semi-naturlig våteng;NA-V;NV-K-02
01;M;V;sterkt endret torvmark;NA-V;NV-M-01
02;M;V;ny torvmark på tidligere ferskvannsbunn;NA-V;NV-M-02
03;M;V;ny torvmark på menneskebetinget forsumpet fastmark;NA-V;NV-M-03
04;M;V;sterkt endret, ikke torvproduserende våtmark;NA-V;NV-M-04
05;M;V;ny grunn våtmark på tidligere ferskvannsbunn;NA-V;NV-M-05
06;M;V;ny grunn våtmark på menneskebetinget forsumpet fastmark;NA-V;NV-M-06
01;O;V;sterkt tråkkpreget våtmark;NA-V;NV-O-01
0;0;A;;TM-A;TA-0-0
01;0;A;gjenvoksningsmyr;TM-A;TA-0-01
02;0;A;flatmyr;TM-A;TA-0-02
0;0;B;;TM-B;TB-0-0
01;0;B;slakmyr;TM-B;TB-0-01
02;0;B;gjennomstrømningsmyr;TM-B;TB-0-02
03;0;B;bakkemyr;TM-B;TB-0-03
04;0;B;flarkmyr;TM-B;TB-0-04
05;0;B;strengmyr;TM-B;TB-0-05
0;0;C;;TM-C;TC-0-0
01;0;C;torvkilde;TM-C;TC-0-01
0;0;D;;TM-D;TD-0-0
01;0;D;innsjøflommyr;TM-D;TD-0-01
02;0;D;elveflommyr;TM-D;TD-0-02
03;0;D;saltflommyr;TM-D;TD-0-03
0;0;E;;TM-E;TE-0-0
01;0;E;øyblandingsmyr;TM-E;TE-0-01
02;0;E;palsmyr;TM-E;TE-0-02
03;0;E;strengblandingsmyr;TM-E;TE-0-03
0;0;F;;TM-F;TF-0-0
01;0;F;mellomstillingsmyr;TM-F;TF-0-01
0;0;G;;TM-G;TG-0-0
01;0;G;terrengdekkende myr;TM-G;TG-0-01
0;0;H;;TM-H;TH-0-0
01;0;H;atlantisk høgmyr;TM-H;TH-0-01
02;0;H;kanthøgmyr;TM-H;TH-0-02
03;0;H;platåhøgmyr;TM-H;TH-0-03
04;0;H;konsentrisk høgmyr;TM-H;TH-0-04
05;0;H;skogshøgmyr;TM-H;TH-0-05
06;0;H;eksentrisk høgmyr;TM-H;TH-0-06
