NiN 2 kode;FP;SP;TKode;HTGKode;HTKode;GTKode
3AR-DE;2;4;A-LV-FL;FL-A;A-0-01;A-0-01-0
3Ab-Es;3;4;A-LV-FL;FL-A;A-0-02;A-0-02-0
3ER-GJ;4;4;A-LV-FL;FL-A;A-0-03;A-0-03-0
3Ab-Es;1;4;A-LV-FL;FL-A;A-0-04;A-0-04-0
3AR-Es;1;4;A-LV-FL;FL-A;A-0-06;A-0-06-0
3AR-DE;1;4;A-LV-FL;FL-A;A-0-07;A-0-07-0
3ER-sP;4;4;A-LV-FL;FL-A;A-0-09;A-0-09-0
3AR-Eb;4;4;A-LV-FL;FL-D;D-0-01;D-0-01-0
3AR-DE;2;4;A-LV-FL;FL-D;D-0-02;D-0-02-0
3EL-ME;4;4;A-LV-FL;FL-D;D-0-03;D-0-03-0
3ER-Rb;1;4;A-LV-FL;FL-D;D-0-04;D-0-04-0
3ER-RL;4;4;A-LV-FL;FL-D;D-0-05;D-0-05-0
3ER-Rb;2;4;A-LV-FL;FL-D;D-0-06;D-0-06-0
3AR-Es;3;4;A-LV-FL;FL-D;D-0-08;D-0-08-0
3ER-VD;4;4;A-LV-FL;FL-D;D-0-09;D-0-09-0
3AR-EV;4;4;A-LV-FL;FL-D;D-0-10;D-0-10-0
3AR-LV;4;4;A-LV-FL;FL-D;D-0-11;D-0-11-0
3Ik-sP;4;4;A-LV-FL;FL-E;E-0-04;E-0-04-0
3FP-IP;4;4;A-LV-FL;FL-F;F-0-01;F-0-01-0
3FP-PI;4;4;A-LV-FL;FL-F;F-0-02;F-0-02-0
3FP-sb;2;4;A-LV-FL;FL-F;F-0-03;F-0-03-0
3FP-sM;4;4;A-LV-FL;FL-F;F-0-04;F-0-04-0
3kJ-DO;4;4;A-LV-FL;FL-G;G-0-01;G-0-01-0
3kJ-kG;4;4;A-LV-FL;FL-G;G-0-02;G-0-02-0
3kJ-kO;4;4;A-LV-FL;FL-G;G-0-03;G-0-03-0
3kJ-kT;4;4;A-LV-FL;FL-G;G-0-05;G-0-05-0
3Eb-bO;4;4;A-LV-FL;FL-H;H-0-01;H-0-01-0
3Ab-EN;1;4;A-LV-FL;FL-H;H-0-02;H-0-02-0
3Ab-DG;4;4;A-LV-FL;FL-H;H-0-03;H-0-03-0
3Ab-DR;2;4;A-LV-FL;FL-H;H-0-04;H-0-04-0
3Ab-FL;4;4;A-LV-FL;FL-H;H-0-06;H-0-06-0
3Eb-HD;4;4;A-LV-FL;FL-H;H-0-12;H-0-12-0
3Ab-Is;4;4;A-LV-FL;FL-H;H-0-14;H-0-14-0
3MR-Ps;4;4;A-LV-FL;FL-H;H-0-15;H-0-15-0
3Eb-ss;4;4;A-LV-FL;FL-H;H-0-16;H-0-16-0
3ER-JE;4;4;A-LV-FL;FL-H;H-0-17;H-0-17-0
3Ab-DR;1;4;A-LV-FL;FL-H;H-0-20;H-0-20-0
3Ab-PF;4;4;A-LV-FL;FL-H;H-0-22;H-0-22-0
3Ab-EN;1;4;A-LV-FL;FL-H;H-0-23;H-0-23-0
3Ab-RO;4;4;A-LV-FL;FL-H;H-0-24;H-0-24-0
3Eb-Rs;4;4;A-LV-FL;FL-H;H-0-25;H-0-25-0
3Eb-TI;4;4;A-LV-FL;FL-H;H-0-27;H-0-27-0
3Eb-UD;4;4;A-LV-FL;FL-H;H-0-29;H-0-29-0
3kP-kG;4;4;A-LV-FL;FL-I;I-0-01;I-0-01-0
3kP-kk;4;4;A-LV-FL;FL-I;I-0-02;I-0-02-0
3AR-Ls;4;4;A-LV-FL;FL-I;I-0-05;I-0-05-0
3kP-RA;4;4;A-LV-FL;FL-I;I-0-06;I-0-06-0
3kP-SV;4;4;A-LV-FL;FL-I;I-0-09;I-0-09-0
3kP-SV;4;4;A-LV-FL;FL-I;I-0-10;I-0-10-0
3kJ-kA;4;4;A-LV-FL;FL-K;K-0-03;K-0-03-0
3ML-FV;4;4;A-LV-FL;FL-L;L-0-01;L-0-01-0
3ML-FU;4;4;A-LV-FL;FL-L;L-0-02;L-0-02-0
3ER-JP;4;4;A-LV-FL;FL-L;L-0-03;L-0-03-0
3ML-Js;4;4;A-LV-FL;FL-L;L-0-04;L-0-04-0
3ML-Ls;4;4;A-LV-FL;FL-L;L-0-05;L-0-05-0
3ML-SV;4;4;A-LV-FL;FL-L;L-0-07;L-0-07-0
3ML-TA;4;4;A-LV-FL;FL-L;L-0-08;L-0-08-0
3ML-PT;4;4;A-LV-FL;FL-L;L-0-09;L-0-09-0
3MR-MR;4;4;A-LV-FL;FL-L;L-0-10;L-0-10-0
3MR-Vs;?;;A-LV-FL;FL-M;M-0-03;M-0-03-0
3Ik-MD;?;;A-LV-FL;FL-N;N-0-01;N-0-01-0
3Ik-UG;1;4;A-LV-FL;FL-N;N-0-03;N-0-03-0
3Ik-UG;2;4;A-LV-FL;FL-N;N-0-04;N-0-04-0
3Ik-UG;1;4;A-LV-FL;FL-N;N-0-05;N-0-05-0
3VI;4;4;A-LV-FL;FL-O;O-0-02;O-0-02-0
3Ik-HA;3;4;A-LV-FL;FL-P;P-0-01;P-0-01-0
3Ik-HA;1;4;A-LV-FL;FL-P;P-0-02;P-0-02-0
3Ik-VU;3;4;A-LV-FL;FL-P;P-0-06;P-0-06-0
3Ik-VU;1;4;A-LV-FL;FL-P;P-0-07;P-0-07-0
3Ik-VU;1;4;A-LV-FL;FL-P;P-0-08;P-0-08-0
3TO-GV;4;4;A-LV-TM;TM-A;A-0-01;A-0-01-0
3TO-FA;4;4;A-LV-TM;TM-A;A-0-02;A-0-02-0
3TO-Gs;3;4;A-LV-TM;TM-B;B-0-01;B-0-01-0
3TO-Gs;0;4;A-LV-TM;TM-B;B-0-02;B-0-02-0
3TO-bA;4;4;A-LV-TM;TM-B;B-0-03;B-0-03-0
3TO-sT;2;4;A-LV-TM;TM-B;B-0-04;B-0-04-0
3TO-sT;1;4;A-LV-TM;TM-B;B-0-05;B-0-05-0
3TO-Dk;4;4;A-LV-TM;TM-C;C-0-01;C-0-01-0
3TO-FL;1;4;A-LV-TM;TM-D;D-0-01;D-0-01-0
3TO-FL;2;4;A-LV-TM;TM-D;D-0-02;D-0-02-0
3TO-FL;0;4;A-LV-TM;TM-D;D-0-03;D-0-03-0
3TO-b√ò;4;4;A-LV-TM;TM-E;E-0-01;E-0-01-0
3TO-PA;4;4;A-LV-TM;TM-E;E-0-02;E-0-02-0
3TO-bs;4;4;A-LV-TM;TM-E;E-0-03;E-0-03-0
3TO-PL;4;2;A-LV-TM;TM-F;F-0-01;F-0-01-0
3TO-PL;4;2;A-LV-TM;TM-G;G-0-01;G-0-01-0
3TO-HA;4;4;A-LV-TM;TM-H;H-0-01;H-0-01-0
3TO-HN;4;4;A-LV-TM;TM-H;H-0-02;H-0-02-0
3TO-HP;4;4;A-LV-TM;TM-H;H-0-03;H-0-03-0
3TO-Hk;4;4;A-LV-TM;TM-H;H-0-04;H-0-04-0
3TO-HE;4;4;A-LV-TM;TM-H;H-0-06;H-0-06-0
3bF;4;4;A-LV-BM;BM-A;A-0-0;A-0-0-0
3bF-Pb;4;4;A-LV-BM;BM-A;A-0-01;A-0-01-0
3bF-sb;4;4;A-LV-BM;BM-A;A-0-02;A-0-02-0
3bF-Db;1;4;A-LV-BM;BM-A;A-0-03;A-0-03-0
3bF-Db;2;4;A-LV-BM;BM-A;A-0-04;A-0-04-0
3bF-bb;4;4;A-LV-BM;BM-A;A-0-05;A-0-05-0
3bF-Ds;4;4;A-LV-BM;BM-A;A-0-06;A-0-06-0
3bF-Rb;4;4;A-LV-BM;BM-A;A-0-07;A-0-07-0
3FP-sb;1;4;A-LV-BM;BM-A;A-0-09;A-0-09-0
I;;;C-PE-LA;LA-I;I-0--;I-0---0
IA;4;4;C-PE-LA;LA-I;I-0-01;I-0-01-0
IA-1;4;4;C-PE-LA;LA-I;I-0-01;I-0-01-001
IA-2;4;4;C-PE-LA;LA-I;I-0-01;I-0-01-002
IA-3;4;4;C-PE-LA;LA-I;I-0-01;I-0-01-003
IA-4;4;4;C-PE-LA;LA-I;I-0-01;I-0-01-004
IA-5;4;4;C-PE-LA;LA-I;I-0-01;I-0-01-005
IA-6;4;4;C-PE-LA;LA-I;I-0-01;I-0-01-006
IA-7;4;4;C-PE-LA;LA-I;I-0-01;I-0-01-007
IA-8;4;4;C-PE-LA;LA-I;I-0-01;I-0-01-008
IA-9;4;4;C-PE-LA;LA-I;I-0-01;I-0-01-009
IA-10;4;4;C-PE-LA;LA-I;I-0-01;I-0-01-010
IA-11;4;4;C-PE-LA;LA-I;I-0-01;I-0-01-011
IA-12;4;4;C-PE-LA;LA-I;I-0-01;I-0-01-012
IA-13;4;4;C-PE-LA;LA-I;I-0-01;I-0-01-013
IA-14;4;4;C-PE-LA;LA-I;I-0-01;I-0-01-014
IA-15;4;4;C-PE-LA;LA-I;I-0-01;I-0-01-015
IA-16;4;4;C-PE-LA;LA-I;I-0-01;I-0-01-016
IA-17;4;4;C-PE-LA;LA-I;I-0-01;I-0-01-017
IA-18;4;4;C-PE-LA;LA-I;I-0-01;I-0-01-018
IA-19;4;4;C-PE-LA;LA-I;I-0-01;I-0-01-019
IA-20;4;4;C-PE-LA;LA-I;I-0-01;I-0-01-020
IA-21;4;4;C-PE-LA;LA-I;I-0-01;I-0-01-021
IA-22;4;4;C-PE-LA;LA-I;I-0-01;I-0-01-022
IA-23;4;4;C-PE-LA;LA-I;I-0-01;I-0-01-023
IA-24;4;4;C-PE-LA;LA-I;I-0-01;I-0-01-024
IA-25;4;4;C-PE-LA;LA-I;I-0-01;I-0-01-025
IA-26;4;4;C-PE-LA;LA-I;I-0-01;I-0-01-026
IA-27;4;4;C-PE-LA;LA-I;I-0-01;I-0-01-027
IA-28;4;4;C-PE-LA;LA-I;I-0-01;I-0-01-028
IA-29;4;4;C-PE-LA;LA-I;I-0-01;I-0-01-029
IA-30;4;4;C-PE-LA;LA-I;I-0-01;I-0-01-030
IA-31;4;4;C-PE-LA;LA-I;I-0-01;I-0-01-031
IA-32;4;4;C-PE-LA;LA-I;I-0-01;I-0-01-032
IA-33;4;4;C-PE-LA;LA-I;I-0-01;I-0-01-033
IA-34;4;4;C-PE-LA;LA-I;I-0-01;I-0-01-034
IA-35;4;4;C-PE-LA;LA-I;I-0-01;I-0-01-035
IA-36;4;4;C-PE-LA;LA-I;I-0-01;I-0-01-036
IA-37;4;4;C-PE-LA;LA-I;I-0-01;I-0-01-037
IA-38;4;4;C-PE-LA;LA-I;I-0-01;I-0-01-038
IA-39;4;4;C-PE-LA;LA-I;I-0-01;I-0-01-039
IA-40;4;4;C-PE-LA;LA-I;I-0-01;I-0-01-040
IA-41;4;4;C-PE-LA;LA-I;I-0-01;I-0-01-041
IA-42;4;4;C-PE-LA;LA-I;I-0-01;I-0-01-042
IA-43;4;4;C-PE-LA;LA-I;I-0-01;I-0-01-043
IA-44;4;4;C-PE-LA;LA-I;I-0-01;I-0-01-044
IA-45;4;4;C-PE-LA;LA-I;I-0-01;I-0-01-045
IA-46;4;4;C-PE-LA;LA-I;I-0-01;I-0-01-046
IA-47;4;4;C-PE-LA;LA-I;I-0-01;I-0-01-047
IA-48;4;4;C-PE-LA;LA-I;I-0-01;I-0-01-048
IA-49;4;4;C-PE-LA;LA-I;I-0-01;I-0-01-049
IA-50;4;4;C-PE-LA;LA-I;I-0-01;I-0-01-050
IA-51;4;4;C-PE-LA;LA-I;I-0-01;I-0-01-051
IA-52;4;4;C-PE-LA;LA-I;I-0-01;I-0-01-052
IA-53;4;4;C-PE-LA;LA-I;I-0-01;I-0-01-053
IA-54;4;4;C-PE-LA;LA-I;I-0-01;I-0-01-054
ID;4;4;C-PE-LA;LA-I;I-0-02;I-0-02-0
ID-1;4;4;C-PE-LA;LA-I;I-0-02;I-0-02-001
ID-2;4;4;C-PE-LA;LA-I;I-0-02;I-0-02-002
ID-3;4;4;C-PE-LA;LA-I;I-0-02;I-0-02-003
ID-4;4;4;C-PE-LA;LA-I;I-0-02;I-0-02-004
ID-5;4;4;C-PE-LA;LA-I;I-0-02;I-0-02-005
ID-6;4;4;C-PE-LA;LA-I;I-0-02;I-0-02-006
ID-7;4;4;C-PE-LA;LA-I;I-0-02;I-0-02-007
ID-8;4;4;C-PE-LA;LA-I;I-0-02;I-0-02-008
ID-9;4;4;C-PE-LA;LA-I;I-0-02;I-0-02-009
ID-10;4;4;C-PE-LA;LA-I;I-0-02;I-0-02-010
ID-11;4;4;C-PE-LA;LA-I;I-0-02;I-0-02-011
ID-12;4;4;C-PE-LA;LA-I;I-0-02;I-0-02-012
ID-13;4;4;C-PE-LA;LA-I;I-0-02;I-0-02-013
ID-14;4;4;C-PE-LA;LA-I;I-0-02;I-0-02-014
ID-15;4;4;C-PE-LA;LA-I;I-0-02;I-0-02-015
ID-16;4;4;C-PE-LA;LA-I;I-0-02;I-0-02-016
ID-17;4;4;C-PE-LA;LA-I;I-0-02;I-0-02-017
ID-18;4;4;C-PE-LA;LA-I;I-0-02;I-0-02-018
ID-19;4;4;C-PE-LA;LA-I;I-0-02;I-0-02-019
ID-20;4;4;C-PE-LA;LA-I;I-0-02;I-0-02-020
ID-21;4;4;C-PE-LA;LA-I;I-0-02;I-0-02-021
ID-22;4;4;C-PE-LA;LA-I;I-0-02;I-0-02-022
ID-23;4;4;C-PE-LA;LA-I;I-0-02;I-0-02-023
ID-24;4;4;C-PE-LA;LA-I;I-0-02;I-0-02-024
ID-25;4;4;C-PE-LA;LA-I;I-0-02;I-0-02-025
ID-26;4;4;C-PE-LA;LA-I;I-0-02;I-0-02-026
ID-27;4;4;C-PE-LA;LA-I;I-0-02;I-0-02-027
ID-28;4;4;C-PE-LA;LA-I;I-0-02;I-0-02-028
ID-29;4;4;C-PE-LA;LA-I;I-0-02;I-0-02-029
ID-30;4;4;C-PE-LA;LA-I;I-0-02;I-0-02-030
ID-31;4;4;C-PE-LA;LA-I;I-0-02;I-0-02-031
ID-32;4;4;C-PE-LA;LA-I;I-0-02;I-0-02-032
ID-33;4;4;C-PE-LA;LA-I;I-0-02;I-0-02-033
ID-34;4;4;C-PE-LA;LA-I;I-0-02;I-0-02-034
ID-35;4;4;C-PE-LA;LA-I;I-0-02;I-0-02-035
ID-36;4;4;C-PE-LA;LA-I;I-0-02;I-0-02-036
ID-37;4;4;C-PE-LA;LA-I;I-0-02;I-0-02-037
ID-38;4;4;C-PE-LA;LA-I;I-0-02;I-0-02-038
ID-39;4;4;C-PE-LA;LA-I;I-0-02;I-0-02-039
ID-40;4;4;C-PE-LA;LA-I;I-0-02;I-0-02-040
ID-41;4;4;C-PE-LA;LA-I;I-0-02;I-0-02-041
ID-42;4;4;C-PE-LA;LA-I;I-0-02;I-0-02-042
ID-43;4;4;C-PE-LA;LA-I;I-0-02;I-0-02-043
ID-44;4;4;C-PE-LA;LA-I;I-0-02;I-0-02-044
ID-45;4;4;C-PE-LA;LA-I;I-0-02;I-0-02-045
ID-46;4;4;C-PE-LA;LA-I;I-0-02;I-0-02-046
ID-47;4;4;C-PE-LA;LA-I;I-0-02;I-0-02-047
ID-48;4;4;C-PE-LA;LA-I;I-0-02;I-0-02-048
ID-49;4;4;C-PE-LA;LA-I;I-0-02;I-0-02-049
ID-50;4;4;C-PE-LA;LA-I;I-0-02;I-0-02-050
ID-51;4;4;C-PE-LA;LA-I;I-0-02;I-0-02-051
ID-52;4;4;C-PE-LA;LA-I;I-0-02;I-0-02-052
ID-53;4;4;C-PE-LA;LA-I;I-0-02;I-0-02-053
ID-54;4;4;C-PE-LA;LA-I;I-0-02;I-0-02-054
ID-55;4;4;C-PE-LA;LA-I;I-0-02;I-0-02-055
ID-56;4;4;C-PE-LA;LA-I;I-0-02;I-0-02-056
ID-57;4;4;C-PE-LA;LA-I;I-0-02;I-0-02-057
ID-58;4;4;C-PE-LA;LA-I;I-0-02;I-0-02-058
ID-59;4;4;C-PE-LA;LA-I;I-0-02;I-0-02-059
ID-60;4;4;C-PE-LA;LA-I;I-0-02;I-0-02-060
ID-61;4;4;C-PE-LA;LA-I;I-0-02;I-0-02-061
ID-62;4;4;C-PE-LA;LA-I;I-0-02;I-0-02-062
ID-63;4;4;C-PE-LA;LA-I;I-0-02;I-0-02-063
ID-64;4;4;C-PE-LA;LA-I;I-0-02;I-0-02-064
ID-65;4;4;C-PE-LA;LA-I;I-0-02;I-0-02-065
ID-66;4;4;C-PE-LA;LA-I;I-0-02;I-0-02-066
ID-67;4;4;C-PE-LA;LA-I;I-0-02;I-0-02-067
ID-68;4;4;C-PE-LA;LA-I;I-0-02;I-0-02-068
ID-69;4;4;C-PE-LA;LA-I;I-0-02;I-0-02-069
ID-70;4;4;C-PE-LA;LA-I;I-0-02;I-0-02-070
ID-71;4;4;C-PE-LA;LA-I;I-0-02;I-0-02-071
ID-72;4;4;C-PE-LA;LA-I;I-0-02;I-0-02-072
ID-73;4;4;C-PE-LA;LA-I;I-0-02;I-0-02-073
ID-74;4;4;C-PE-LA;LA-I;I-0-02;I-0-02-074
ID-75;4;4;C-PE-LA;LA-I;I-0-02;I-0-02-075
ID-76;4;4;C-PE-LA;LA-I;I-0-02;I-0-02-076
ID-77;4;4;C-PE-LA;LA-I;I-0-02;I-0-02-077
ID-78;4;4;C-PE-LA;LA-I;I-0-02;I-0-02-078
ID-79;4;4;C-PE-LA;LA-I;I-0-02;I-0-02-079
ID-80;4;4;C-PE-LA;LA-I;I-0-02;I-0-02-080
ID-81;4;4;C-PE-LA;LA-I;I-0-02;I-0-02-081
ID-82;4;4;C-PE-LA;LA-I;I-0-02;I-0-02-082
ID-83;4;4;C-PE-LA;LA-I;I-0-02;I-0-02-083
ID-84;4;4;C-PE-LA;LA-I;I-0-02;I-0-02-084
ID-85;4;4;C-PE-LA;LA-I;I-0-02;I-0-02-085
ID-86;4;4;C-PE-LA;LA-I;I-0-02;I-0-02-086
ID-87;4;4;C-PE-LA;LA-I;I-0-02;I-0-02-087
ID-88;4;4;C-PE-LA;LA-I;I-0-02;I-0-02-088
ID-89;4;4;C-PE-LA;LA-I;I-0-02;I-0-02-089
ID-90;4;4;C-PE-LA;LA-I;I-0-02;I-0-02-090
ID-91;4;4;C-PE-LA;LA-I;I-0-02;I-0-02-091
ID-92;4;4;C-PE-LA;LA-I;I-0-02;I-0-02-092
ID-93;4;4;C-PE-LA;LA-I;I-0-02;I-0-02-093
ID-94;4;4;C-PE-LA;LA-I;I-0-02;I-0-02-094
ID-95;4;4;C-PE-LA;LA-I;I-0-02;I-0-02-095
ID-96;4;4;C-PE-LA;LA-I;I-0-02;I-0-02-096
ID-97;4;4;C-PE-LA;LA-I;I-0-02;I-0-02-097
ID-98;4;4;C-PE-LA;LA-I;I-0-02;I-0-02-098
ID-99;4;4;C-PE-LA;LA-I;I-0-02;I-0-02-099
ID-100;4;4;C-PE-LA;LA-I;I-0-02;I-0-02-100
ID-101;4;4;C-PE-LA;LA-I;I-0-02;I-0-02-101
ID-102;4;4;C-PE-LA;LA-I;I-0-02;I-0-02-102
ID-103;4;4;C-PE-LA;LA-I;I-0-02;I-0-02-103
ID-104;4;4;C-PE-LA;LA-I;I-0-02;I-0-02-104
Is;4;4;C-PE-LA;LA-I;I-0-03;I-0-03-0
Is-1;4;4;C-PE-LA;LA-I;I-0-03;I-0-03-001
Is-2;4;4;C-PE-LA;LA-I;I-0-03;I-0-03-002
Is-3;4;4;C-PE-LA;LA-I;I-0-03;I-0-03-003
Is-4;4;4;C-PE-LA;LA-I;I-0-03;I-0-03-004
Is-5;4;4;C-PE-LA;LA-I;I-0-03;I-0-03-005
Is-6;4;4;C-PE-LA;LA-I;I-0-03;I-0-03-006
Is-7;4;4;C-PE-LA;LA-I;I-0-03;I-0-03-007
Is-8;4;4;C-PE-LA;LA-I;I-0-03;I-0-03-008
Is-9;4;4;C-PE-LA;LA-I;I-0-03;I-0-03-009
Is-10;4;4;C-PE-LA;LA-I;I-0-03;I-0-03-010
Is-11;4;4;C-PE-LA;LA-I;I-0-03;I-0-03-011
Is-12;4;4;C-PE-LA;LA-I;I-0-03;I-0-03-012
Is-13;4;4;C-PE-LA;LA-I;I-0-03;I-0-03-013
Is-14;4;4;C-PE-LA;LA-I;I-0-03;I-0-03-014
Is-15;4;4;C-PE-LA;LA-I;I-0-03;I-0-03-015
Is-16;4;4;C-PE-LA;LA-I;I-0-03;I-0-03-016
Is-17;4;4;C-PE-LA;LA-I;I-0-03;I-0-03-017
Is-18;4;4;C-PE-LA;LA-I;I-0-03;I-0-03-018
Is-19;4;4;C-PE-LA;LA-I;I-0-03;I-0-03-019
Is-20;4;4;C-PE-LA;LA-I;I-0-03;I-0-03-020
Is-21;4;4;C-PE-LA;LA-I;I-0-03;I-0-03-021
Is-22;4;4;C-PE-LA;LA-I;I-0-03;I-0-03-022
Is-23;4;4;C-PE-LA;LA-I;I-0-03;I-0-03-023
Is-24;4;4;C-PE-LA;LA-I;I-0-03;I-0-03-024
Is-25;4;4;C-PE-LA;LA-I;I-0-03;I-0-03-025
Is-26;4;4;C-PE-LA;LA-I;I-0-03;I-0-03-026
Is-27;4;4;C-PE-LA;LA-I;I-0-03;I-0-03-027
Is-28;4;4;C-PE-LA;LA-I;I-0-03;I-0-03-028
Is-29;4;4;C-PE-LA;LA-I;I-0-03;I-0-03-029
Is-30;4;4;C-PE-LA;LA-I;I-0-03;I-0-03-030
Is-31;4;4;C-PE-LA;LA-I;I-0-03;I-0-03-031
Is-32;4;4;C-PE-LA;LA-I;I-0-03;I-0-03-032
Is-33;4;4;C-PE-LA;LA-I;I-0-03;I-0-03-033
Is-34;4;4;C-PE-LA;LA-I;I-0-03;I-0-03-034
Is-35;4;4;C-PE-LA;LA-I;I-0-03;I-0-03-035
Is-36;4;4;C-PE-LA;LA-I;I-0-03;I-0-03-036
k;;;C-PE-LA;LA-K;K-0--;K-0---0
kA;4;4;C-PE-LA;LA-K;K-0-01;K-0-01-0
kA-1;4;4;C-PE-LA;LA-K;K-0-01;K-0-01-001
kF;4;4;C-PE-LA;LA-K;K-0-02;K-0-02-0
kF-1;4;4;C-PE-LA;LA-K;K-0-02;K-0-02-001
kF-2;4;4;C-PE-LA;LA-K;K-0-02;K-0-02-002
kF-3;4;4;C-PE-LA;LA-K;K-0-02;K-0-02-003
kF-4;4;4;C-PE-LA;LA-K;K-0-02;K-0-02-004
kF-5;4;4;C-PE-LA;LA-K;K-0-02;K-0-02-005
kF-6;4;4;C-PE-LA;LA-K;K-0-02;K-0-02-006
kF-7;4;4;C-PE-LA;LA-K;K-0-02;K-0-02-007
kF-8;4;4;C-PE-LA;LA-K;K-0-02;K-0-02-008
kF-9;4;4;C-PE-LA;LA-K;K-0-02;K-0-02-009
kF-10;4;4;C-PE-LA;LA-K;K-0-02;K-0-02-010
kF-11;4;4;C-PE-LA;LA-K;K-0-02;K-0-02-011
kF-12;4;4;C-PE-LA;LA-K;K-0-02;K-0-02-012
kF-13;4;4;C-PE-LA;LA-K;K-0-02;K-0-02-013
kF-14;4;4;C-PE-LA;LA-K;K-0-02;K-0-02-014
kF-15;4;4;C-PE-LA;LA-K;K-0-02;K-0-02-015
kF-16;4;4;C-PE-LA;LA-K;K-0-02;K-0-02-016
kF-17;4;4;C-PE-LA;LA-K;K-0-02;K-0-02-017
kF-18;4;4;C-PE-LA;LA-K;K-0-02;K-0-02-018
kF-19;4;4;C-PE-LA;LA-K;K-0-02;K-0-02-019
kF-20;4;4;C-PE-LA;LA-K;K-0-02;K-0-02-020
kF-21;4;4;C-PE-LA;LA-K;K-0-02;K-0-02-021
kF-22;4;4;C-PE-LA;LA-K;K-0-02;K-0-02-022
kF-23;4;4;C-PE-LA;LA-K;K-0-02;K-0-02-023
kF-24;4;4;C-PE-LA;LA-K;K-0-02;K-0-02-024
kF-25;4;4;C-PE-LA;LA-K;K-0-02;K-0-02-025
kF-26;4;4;C-PE-LA;LA-K;K-0-02;K-0-02-026
ks;4;4;C-PE-LA;LA-K;K-0-03;K-0-03-0
ks-1;4;4;C-PE-LA;LA-K;K-0-03;K-0-03-001
ks-2;4;4;C-PE-LA;LA-K;K-0-03;K-0-03-002
ks-3;4;4;C-PE-LA;LA-K;K-0-03;K-0-03-003
ks-4;4;4;C-PE-LA;LA-K;K-0-03;K-0-03-004
ks-5;4;4;C-PE-LA;LA-K;K-0-03;K-0-03-005
ks-6;4;4;C-PE-LA;LA-K;K-0-03;K-0-03-006
ks-7;4;4;C-PE-LA;LA-K;K-0-03;K-0-03-007
ks-8;4;4;C-PE-LA;LA-K;K-0-03;K-0-03-008
ks-9;4;4;C-PE-LA;LA-K;K-0-03;K-0-03-009
ks-10;4;4;C-PE-LA;LA-K;K-0-03;K-0-03-010
ks-11;4;4;C-PE-LA;LA-K;K-0-03;K-0-03-011
ks-12;4;4;C-PE-LA;LA-K;K-0-03;K-0-03-012
ks-13;4;4;C-PE-LA;LA-K;K-0-03;K-0-03-013
ks-14;4;4;C-PE-LA;LA-K;K-0-03;K-0-03-014
ks-15;4;4;C-PE-LA;LA-K;K-0-03;K-0-03-015
ks-16;4;4;C-PE-LA;LA-K;K-0-03;K-0-03-016
ks-17;4;4;C-PE-LA;LA-K;K-0-03;K-0-03-017
ks-18;4;4;C-PE-LA;LA-K;K-0-03;K-0-03-018
ks-19;4;4;C-PE-LA;LA-K;K-0-03;K-0-03-019
ks-20;4;4;C-PE-LA;LA-K;K-0-03;K-0-03-020
ks-21;4;4;C-PE-LA;LA-K;K-0-03;K-0-03-021
ks-22;4;4;C-PE-LA;LA-K;K-0-03;K-0-03-022
ks-23;4;4;C-PE-LA;LA-K;K-0-03;K-0-03-023
ks-24;4;4;C-PE-LA;LA-K;K-0-03;K-0-03-024
ks-25;4;4;C-PE-LA;LA-K;K-0-03;K-0-03-025
ks-26;4;4;C-PE-LA;LA-K;K-0-03;K-0-03-026
ks-27;4;4;C-PE-LA;LA-K;K-0-03;K-0-03-027
ks-28;4;4;C-PE-LA;LA-K;K-0-03;K-0-03-028
ks-29;4;4;C-PE-LA;LA-K;K-0-03;K-0-03-029
ks-30;4;4;C-PE-LA;LA-K;K-0-03;K-0-03-030
ks-31;4;4;C-PE-LA;LA-K;K-0-03;K-0-03-031
ks-32;4;4;C-PE-LA;LA-K;K-0-03;K-0-03-032
ks-33;4;4;C-PE-LA;LA-K;K-0-03;K-0-03-033
ks-34;4;4;C-PE-LA;LA-K;K-0-03;K-0-03-034
ks-35;4;4;C-PE-LA;LA-K;K-0-03;K-0-03-035
ks-36;4;4;C-PE-LA;LA-K;K-0-03;K-0-03-036
ks-37;4;4;C-PE-LA;LA-K;K-0-03;K-0-03-037
ks-38;4;4;C-PE-LA;LA-K;K-0-03;K-0-03-038
ks-39;4;4;C-PE-LA;LA-K;K-0-03;K-0-03-039
ks-40;4;4;C-PE-LA;LA-K;K-0-03;K-0-03-040
ks-41;4;4;C-PE-LA;LA-K;K-0-03;K-0-03-041
ks-42;4;4;C-PE-LA;LA-K;K-0-03;K-0-03-042
ks-43;4;4;C-PE-LA;LA-K;K-0-03;K-0-03-043
ks-44;4;4;C-PE-LA;LA-K;K-0-03;K-0-03-044
ks-45;4;4;C-PE-LA;LA-K;K-0-03;K-0-03-045
ks-46;4;4;C-PE-LA;LA-K;K-0-03;K-0-03-046
ks-47;4;4;C-PE-LA;LA-K;K-0-03;K-0-03-047
ks-48;4;4;C-PE-LA;LA-K;K-0-03;K-0-03-048
ks-49;4;4;C-PE-LA;LA-K;K-0-03;K-0-03-049
ks-50;4;4;C-PE-LA;LA-K;K-0-03;K-0-03-050
ks-51;4;4;C-PE-LA;LA-K;K-0-03;K-0-03-051
ks-52;4;4;C-PE-LA;LA-K;K-0-03;K-0-03-052
ks-53;4;4;C-PE-LA;LA-K;K-0-03;K-0-03-053
ks-54;4;4;C-PE-LA;LA-K;K-0-03;K-0-03-054
ks-55;4;4;C-PE-LA;LA-K;K-0-03;K-0-03-055
ks-56;4;4;C-PE-LA;LA-K;K-0-03;K-0-03-056
ks-57;4;4;C-PE-LA;LA-K;K-0-03;K-0-03-057
ks-58;4;4;C-PE-LA;LA-K;K-0-03;K-0-03-058
ks-59;4;4;C-PE-LA;LA-K;K-0-03;K-0-03-059
ks-60;4;4;C-PE-LA;LA-K;K-0-03;K-0-03-060
ks-61;4;4;C-PE-LA;LA-K;K-0-03;K-0-03-061
ks-62;4;4;C-PE-LA;LA-K;K-0-03;K-0-03-062
ks-63;4;4;C-PE-LA;LA-K;K-0-03;K-0-03-063
M;;;C-PE-LA;LA-M;M-0--;M-0---0
MA;4;4;C-PE-LA;LA-M;M-0-01;M-0-01-0
MD;4;4;C-PE-LA;LA-M;M-0-02;M-0-02-0
Ms;4;4;C-PE-LA;LA-M;M-0-03;M-0-03-0
M;;;C-PE-NA;NA-M;M-0-0;M-0-0-0
M3;3;4;C-PE-NA;NA-M;M-A-01;M-A-01-0
M3-1;4;4;C-PE-NA;NA-M;M-A-01;M-A-01-01
M3-2;4;4;C-PE-NA;NA-M;M-A-01;M-A-01-02
M3-3;4;4;C-PE-NA;NA-M;M-A-01;M-A-01-03
M3-4;4;4;C-PE-NA;NA-M;M-A-01;M-A-01-04
M3-5;4;4;C-PE-NA;NA-M;M-A-01;M-A-01-05
M3-6;4;4;C-PE-NA;NA-M;M-A-01;M-A-01-06
M3-7;4;4;C-PE-NA;NA-M;M-A-01;M-A-01-07
M3-8;4;4;C-PE-NA;NA-M;M-A-01;M-A-01-08
M3-9;4;4;C-PE-NA;NA-M;M-A-01;M-A-01-09
M3-10;4;4;C-PE-NA;NA-M;M-A-01;M-A-01-10
M3-14;4;4;C-PE-NA;NA-M;M-A-01;M-A-01-11
M3-15;4;4;C-PE-NA;NA-M;M-A-01;M-A-01-12
M3-16;4;4;C-PE-NA;NA-M;M-A-01;M-A-01-13
M3-17;4;4;C-PE-NA;NA-M;M-A-01;M-A-01-14
M3-19;3;4;C-PE-NA;NA-M;M-A-01;M-A-01-15
M1;;;C-PE-NA;NA-M;M-A-02;M-A-02-0
M1-1;4;4;C-PE-NA;NA-M;M-A-02;M-A-02-01
M1-4;4;4;C-PE-NA;NA-M;M-A-02;M-A-02-02
M1-6;4;4;C-PE-NA;NA-M;M-A-02;M-A-02-03
M1-7;4;3;C-PE-NA;NA-M;M-A-02;M-A-02-04
M1-3;4;4;C-PE-NA;NA-M;M-A-02;M-A-02-05
M1-5;4;2;C-PE-NA;NA-M;M-A-02;M-A-02-06
M1-7;4;3;C-PE-NA;NA-M;M-A-02;M-A-02-07
M1-7;4;1;C-PE-NA;NA-M;M-A-02;M-A-02-08
M1-4;1;4;C-PE-NA;NA-M;M-A-02;M-A-02-09
M1-4;2;4;C-PE-NA;NA-M;M-A-02;M-A-02-10
M1-4,6;4;2;C-PE-NA;NA-M;M-A-02;M-A-02-11
M1-16;4;4;C-PE-NA;NA-M;M-A-02;M-A-02-12
M1-17;4;4;C-PE-NA;NA-M;M-A-02;M-A-02-14
M1-18;4;4;C-PE-NA;NA-M;M-A-02;M-A-02-15
M1-19;4;4;C-PE-NA;NA-M;M-A-02;M-A-02-16
M1-25;4;4;C-PE-NA;NA-M;M-A-02;M-A-02-17
M1-26;4;4;C-PE-NA;NA-M;M-A-02;M-A-02-18
M1-27;4;4;C-PE-NA;NA-M;M-A-02;M-A-02-19
M1-29;4;4;C-PE-NA;NA-M;M-A-02;M-A-02-20
M2;;;C-PE-NA;NA-M;M-A-03;M-A-03-0
M2-1,13;4;4;C-PE-NA;NA-M;M-A-03;M-A-03-01
M2-6,14;3;4;C-PE-NA;NA-M;M-A-03;M-A-03-02
M2-6,14;1;4;C-PE-NA;NA-M;M-A-03;M-A-03-03
M2-2,15;4;4;C-PE-NA;NA-M;M-A-03;M-A-03-04
M2-7,16;4;4;C-PE-NA;NA-M;M-A-03;M-A-03-05
M2-3,17;4;4;C-PE-NA;NA-M;M-A-03;M-A-03-06
M2-8,18;4;4;C-PE-NA;NA-M;M-A-03;M-A-03-07
M2-4,5,19,20;2;3;C-PE-NA;NA-M;M-A-03;M-A-03-08
M2-9,10,19,20;2;3;C-PE-NA;NA-M;M-A-03;M-A-03-09
M4;2;4;C-PE-NA;NA-M;M-A-04;M-A-04-0
M4-29,38;4;4;C-PE-NA;NA-M;M-A-04;M-A-04-01
M4-33,34;2;2;C-PE-NA;NA-M;M-A-04;M-A-04-02
M4-34;1;2;C-PE-NA;NA-M;M-A-04;M-A-04-03
M4-31,40;2;4;C-PE-NA;NA-M;M-A-04;M-A-04-04
M4-30, 32, 39, 41;2;4;C-PE-NA;NA-M;M-A-04;M-A-04-05
M4-29,38;1;4;C-PE-NA;NA-M;M-A-04;M-A-04-06
M4-29,38;0;4;C-PE-NA;NA-M;M-A-04;M-A-04-07
M4-33,34;1;2;C-PE-NA;NA-M;M-A-04;M-A-04-08
M4-34;1;2;C-PE-NA;NA-M;M-A-04;M-A-04-09
M4-31,40;1;4;C-PE-NA;NA-M;M-A-04;M-A-04-10
M4-37;4;4;C-PE-NA;NA-M;M-A-04;M-A-04-11
M4-35,42;4;4;C-PE-NA;NA-M;M-A-04;M-A-04-12
M4;3;4;C-PE-NA;NA-M;M-A-05;M-A-05-0
M4-1;4;3;C-PE-NA;NA-M;M-A-05;M-A-05-01
M4-3,6;2;4;C-PE-NA;NA-M;M-A-05;M-A-05-02
M4-6;1;4;C-PE-NA;NA-M;M-A-05;M-A-05-03
M4-4,5;3;4;C-PE-NA;NA-M;M-A-05;M-A-05-04
M4-5,7;3;4;C-PE-NA;NA-M;M-A-05;M-A-05-05
M4-2;3;4;C-PE-NA;NA-M;M-A-05;M-A-05-06
M4-12;4;3;C-PE-NA;NA-M;M-A-05;M-A-05-07
M4-14;3;4;C-PE-NA;NA-M;M-A-05;M-A-05-08
M4-15;2;4;C-PE-NA;NA-M;M-A-05;M-A-05-09
M4-15;1;4;C-PE-NA;NA-M;M-A-05;M-A-05-10
M4-13,16;3;4;C-PE-NA;NA-M;M-A-05;M-A-05-11
M4-10,19;4;4;C-PE-NA;NA-M;M-A-05;M-A-05-12
M4-11,20;4;4;C-PE-NA;NA-M;M-A-05;M-A-05-13
M4-9,18;4;4;C-PE-NA;NA-M;M-A-05;M-A-05-14
M4-8,17;4;4;C-PE-NA;NA-M;M-A-05;M-A-05-15
M4-8,17;4;4;C-PE-NA;NA-M;M-A-05;M-A-05-16
M5;;;C-PE-NA;NA-M;M-A-06;M-A-06-0
M5-1;4;4;C-PE-NA;NA-M;M-A-06;M-A-06-01
M5-3;4;4;C-PE-NA;NA-M;M-A-06;M-A-06-02
M5-4;2;4;C-PE-NA;NA-M;M-A-06;M-A-06-03
M5-4;1;4;C-PE-NA;NA-M;M-A-06;M-A-06-04
M5-2,5;4;4;C-PE-NA;NA-M;M-A-06;M-A-06-05
M5-11;4;4;C-PE-NA;NA-M;M-A-06;M-A-06-06
M5-13;4;4;C-PE-NA;NA-M;M-A-06;M-A-06-07
M5-14;2;4;C-PE-NA;NA-M;M-A-06;M-A-06-08
M5-14;1;4;C-PE-NA;NA-M;M-A-06;M-A-06-09
M5-12,15;4;4;C-PE-NA;NA-M;M-A-06;M-A-06-10
M5-20;4;4;C-PE-NA;NA-M;M-A-06;M-A-06-11
M5-22;4;4;C-PE-NA;NA-M;M-A-06;M-A-06-12
M5-23;2;4;C-PE-NA;NA-M;M-A-06;M-A-06-13
M5-23;1;4;C-PE-NA;NA-M;M-A-06;M-A-06-14
M5-21,24;4;4;C-PE-NA;NA-M;M-A-06;M-A-06-15
M5-27,33;3;4;C-PE-NA;NA-M;M-A-06;M-A-06-16
M5-29,35;3;4;C-PE-NA;NA-M;M-A-06;M-A-06-17
M5-27,29,30,33,35,36;1;4;C-PE-NA;NA-M;M-A-06;M-A-06-18
M5-27,29,30,33,35,36;1;4;C-PE-NA;NA-M;M-A-06;M-A-06-19
M5-28,30;3;4;C-PE-NA;NA-M;M-A-06;M-A-06-20
Ms-8;4;4;C-PE-NA;NA-M;M-A-06;M-A-06-26
M5-9,18,26,32;4;4;C-PE-NA;NA-M;M-A-06;M-A-06-27
M5-10,19;4;4;C-PE-NA;NA-M;M-A-06;M-A-06-28
M5-7,17;4;4;C-PE-NA;NA-M;M-A-06;M-A-06-29
M5-6,16,25,31,37;4;4;C-PE-NA;NA-M;M-A-06;M-A-06-30
M5-34,36;4;4;C-PE-NA;NA-M;M-A-06;M-A-06-31
M8;4;4;C-PE-NA;NA-M;M-B-01;M-B-01-0
M8-1;1;4;C-PE-NA;NA-M;M-B-01;M-B-01-01
M8-1;1;4;C-PE-NA;NA-M;M-B-01;M-B-01-02
M8-1;1;4;C-PE-NA;NA-M;M-B-01;M-B-01-03
M8-1;0;4;C-PE-NA;NA-M;M-B-01;M-B-01-04
M8-1;1;4;C-PE-NA;NA-M;M-B-01;M-B-01-05
M7;4;4;C-PE-NA;NA-M;M-B-02;M-B-02-0
M7-3;4;4;C-PE-NA;NA-M;M-B-02;M-B-02-01
M7-4;4;4;C-PE-NA;NA-M;M-B-02;M-B-02-02
M6;4;4;C-PE-NA;NA-M;M-B-03;M-B-03-0
M6-1;4;4;C-PE-NA;NA-M;M-B-03;M-B-03-01
M6-2;4;4;C-PE-NA;NA-M;M-B-03;M-B-03-02
M3;1;4;C-PE-NA;NA-M;M-C-01;M-C-01-0
M3-11;4;4;C-PE-NA;NA-M;M-C-01;M-C-01-01
M3-12;4;4;C-PE-NA;NA-M;M-C-01;M-C-01-02
M3-13;4;4;C-PE-NA;NA-M;M-C-01;M-C-01-03
M3-18;4;4;C-PE-NA;NA-M;M-C-01;M-C-01-04
M3-10;0;4;C-PE-NA;NA-M;M-C-01;M-C-01-05
M1;0;4;C-PE-NA;NA-M;M-C-02;M-C-02-0
M1-8;4;4;C-PE-NA;NA-M;M-C-02;M-C-02-01
M1-9;4;2;C-PE-NA;NA-M;M-C-02;M-C-02-02
M1-9;4;2;C-PE-NA;NA-M;M-C-02;M-C-02-03
M1-10;4;4;C-PE-NA;NA-M;M-C-02;M-C-02-04
M1-12;4;4;C-PE-NA;NA-M;M-C-02;M-C-02-05
M1-14;4;4;C-PE-NA;NA-M;M-C-02;M-C-02-07
M1-15;4;4;C-PE-NA;NA-M;M-C-02;M-C-02-08
M1-20;4;4;C-PE-NA;NA-M;M-C-02;M-C-02-09
M1-21;4;4;C-PE-NA;NA-M;M-C-02;M-C-02-10
M1-22;4;4;C-PE-NA;NA-M;M-C-02;M-C-02-11
M1-23;4;3;C-PE-NA;NA-M;M-C-02;M-C-02-12
M1-29;4;4;C-PE-NA;NA-M;M-C-02;M-C-02-13
M9;4;4;C-PE-NA;NA-M;M-C-03;M-C-03-0
M9-1,4;3;3;C-PE-NA;NA-M;M-C-03;M-C-03-01
M9-8,9;3;3;C-PE-NA;NA-M;M-C-03;M-C-03-02
M9-2,3,5,6;4;4;C-PE-NA;NA-M;M-C-03;M-C-03-03
M9-7;4;4;C-PE-NA;NA-M;M-C-03;M-C-03-04
M5;0;4;C-PE-NA;NA-M;M-C-04;M-C-04-0
M4-21,25;2;4;C-PE-NA;NA-M;M-C-04;M-C-04-01
M4-23;2;4;C-PE-NA;NA-M;M-C-04;M-C-04-02
M4-22,24;2;4;C-PE-NA;NA-M;M-C-04;M-C-04-03
M4-21,25;1;4;C-PE-NA;NA-M;M-C-04;M-C-04-04
M4-23;1;4;C-PE-NA;NA-M;M-C-04;M-C-04-05
M4-22,24;1;4;C-PE-NA;NA-M;M-C-04;M-C-04-06
M4-27;2;4;C-PE-NA;NA-M;M-C-04;M-C-04-07
M4-27;1;4;C-PE-NA;NA-M;M-C-04;M-C-04-08
M4-28;4;4;C-PE-NA;NA-M;M-C-04;M-C-04-09
M4-44;4;4;C-PE-NA;NA-M;M-C-04;M-C-04-10
M10;4;4;C-PE-NA;NA-M;M-C-05;M-C-05-0
M10-1;4;4;C-PE-NA;NA-M;M-C-05;M-C-05-01
M10-4;4;4;C-PE-NA;NA-M;M-C-05;M-C-05-02
M10-2;4;4;C-PE-NA;NA-M;M-C-05;M-C-05-03
M10-5;4;4;C-PE-NA;NA-M;M-C-05;M-C-05-04
M10-3;4;4;C-PE-NA;NA-M;M-C-05;M-C-05-05
M11;4;4;C-PE-NA;NA-M;M-C-06;M-C-06-0
M11-1,2,3,4;3;3;C-PE-NA;NA-M;M-C-06;M-C-06-01
M11-7;2;4;C-PE-NA;NA-M;M-C-06;M-C-06-02
M11-5,6;1;4;C-PE-NA;NA-M;M-C-06;M-C-06-03
M11-7;1;4;C-PE-NA;NA-M;M-C-06;M-C-06-04
M11-5,6;2;4;C-PE-NA;NA-M;M-C-06;M-C-06-05
M12;4;4;C-PE-NA;NA-M;M-C-07;M-C-07-0
M12-1,2,3;4;4;C-PE-NA;NA-M;M-C-07;M-C-07-01
M12-4,5,6;4;4;C-PE-NA;NA-M;M-C-07;M-C-07-02
M12-7;4;4;C-PE-NA;NA-M;M-C-07;M-C-07-03
M13;4;4;C-PE-NA;NA-M;M-C-08;M-C-08-0
M13-1;4;4;C-PE-NA;NA-M;M-C-08;M-C-08-01
M13-3;4;4;C-PE-NA;NA-M;M-C-08;M-C-08-02
M13-2;4;4;C-PE-NA;NA-M;M-C-08;M-C-08-03
M13-4;4;4;C-PE-NA;NA-M;M-C-08;M-C-08-04
I2;4;4;C-PE-NA;NA-M;M-C-09;M-C-09-0
I2-1;1;4;C-PE-NA;NA-M;M-C-09;M-C-09-01
I2-1;1;4;C-PE-NA;NA-M;M-C-09;M-C-09-02
I2;4;4;C-PE-NA;NA-M;M-C-10;M-C-10-0
I2-1;1;4;C-PE-NA;NA-M;M-C-10;M-C-10-01
M7;1;4;C-PE-NA;NA-M;M-F-01;M-F-01-0
M7-1,2;3;4;C-PE-NA;NA-M;M-F-01;M-F-01-01
M7-1,2;0;4;C-PE-NA;NA-M;M-F-01;M-F-01-02
M14,M15;4;4;C-PE-NA;NA-M;M-M-01;M-M-01-0
M14-1;4;4;C-PE-NA;NA-M;M-M-01;M-M-01-01
M14-2;4;4;C-PE-NA;NA-M;M-M-01;M-M-01-02
M14-3;4;4;C-PE-NA;NA-M;M-M-01;M-M-01-03
M15-1,3;2;4;C-PE-NA;NA-M;M-M-01;M-M-01-04
M15-2;4;2;C-PE-NA;NA-M;M-M-01;M-M-01-05
M15-2;0;4;C-PE-NA;NA-M;M-M-01;M-M-01-06
M15-4;4;3;C-PE-NA;NA-M;M-M-02;M-M-02-0
M15-4;4;4;C-PE-NA;NA-M;M-M-02;M-M-02-02
L1;4;4;C-PE-NA;NA-L;L-A-01;L-A-01-0
L1-1;4;4;C-PE-NA;NA-L;L-A-01;L-A-01-01
L1-2;4;4;C-PE-NA;NA-L;L-A-01;L-A-01-02
L1-3;4;4;C-PE-NA;NA-L;L-A-01;L-A-01-03
L1-4;4;4;C-PE-NA;NA-L;L-A-01;L-A-01-04
L1-5;4;4;C-PE-NA;NA-L;L-A-01;L-A-01-05
L1-6;4;4;C-PE-NA;NA-L;L-A-01;L-A-01-06
L1-7;4;4;C-PE-NA;NA-L;L-A-01;L-A-01-07
L1-8;4;4;C-PE-NA;NA-L;L-A-01;L-A-01-08
L1-9;4;4;C-PE-NA;NA-L;L-A-01;L-A-01-09
L1-10;4;4;C-PE-NA;NA-L;L-A-01;L-A-01-10
L1-11;4;4;C-PE-NA;NA-L;L-A-01;L-A-01-11
L1-12;4;4;C-PE-NA;NA-L;L-A-01;L-A-01-12
L1-13;4;4;C-PE-NA;NA-L;L-A-01;L-A-01-13
L2;4;4;C-PE-NA;NA-L;L-A-02;L-A-02-0
L2-1;3;4;C-PE-NA;NA-L;L-A-02;L-A-02-01
L2-2;3;4;C-PE-NA;NA-L;L-A-02;L-A-02-02
L2-3;3;4;C-PE-NA;NA-L;L-A-02;L-A-02-03
L2-4;3;4;C-PE-NA;NA-L;L-A-02;L-A-02-04
L2-5;3;4;C-PE-NA;NA-L;L-A-02;L-A-02-05
L2-6;3;4;C-PE-NA;NA-L;L-A-02;L-A-02-06
L2-7;4;3;C-PE-NA;NA-L;L-A-02;L-A-02-07
L2-8;4;3;C-PE-NA;NA-L;L-A-02;L-A-02-08
L2-9;4;4;C-PE-NA;NA-L;L-A-02;L-A-02-09
L2-10;4;3;C-PE-NA;NA-L;L-A-02;L-A-02-10
L2-11;4;3;C-PE-NA;NA-L;L-A-02;L-A-02-11
L2-12;4;3;C-PE-NA;NA-L;L-A-02;L-A-02-12
L2-13;4;3;C-PE-NA;NA-L;L-A-02;L-A-02-13
L2-14;4;4;C-PE-NA;NA-L;L-A-02;L-A-02-14
L2-15;3;4;C-PE-NA;NA-L;L-A-02;L-A-02-15
L2-16;3;4;C-PE-NA;NA-L;L-A-02;L-A-02-16
L2-17;4;4;C-PE-NA;NA-L;L-A-02;L-A-02-17
L2-18;3;4;C-PE-NA;NA-L;L-A-02;L-A-02-18
L2-19;3;4;C-PE-NA;NA-L;L-A-02;L-A-02-19
L2-20;3;4;C-PE-NA;NA-L;L-A-02;L-A-02-20
L2-21;3;4;C-PE-NA;NA-L;L-A-02;L-A-02-21
L2-22;4;4;C-PE-NA;NA-L;L-A-02;L-A-02-22
L2-23;4;3;C-PE-NA;NA-L;L-A-02;L-A-02-23
L2-24;4;3;C-PE-NA;NA-L;L-A-02;L-A-02-24
L2-25;4;4;C-PE-NA;NA-L;L-A-02;L-A-02-25
L2-26;4;3;C-PE-NA;NA-L;L-A-02;L-A-02-26
L2-27;4;3;C-PE-NA;NA-L;L-A-02;L-A-02-27
L2-28;4;3;C-PE-NA;NA-L;L-A-02;L-A-02-28
L2-29;4;3;C-PE-NA;NA-L;L-A-02;L-A-02-29
L2-30;4;4;C-PE-NA;NA-L;L-A-02;L-A-02-30
L2-31;3;4;C-PE-NA;NA-L;L-A-02;L-A-02-31
ny;-;;C-PE-NA;NA-L;L-A-02;L-A-02-32
L3;4;4;C-PE-NA;NA-L;L-A-03;L-A-03-0
L3-1;4;4;C-PE-NA;NA-L;L-A-03;L-A-03-01
L3-2;4;4;C-PE-NA;NA-L;L-A-03;L-A-03-02
L3-3;4;4;C-PE-NA;NA-L;L-A-03;L-A-03-03
ny;-;;C-PE-NA;NA-L;L-A-03;L-A-03-04
L4;4;4;C-PE-NA;NA-L;L-B-01;L-B-01-0
L4-1;4;4;C-PE-NA;NA-L;L-B-01;L-B-01-01
L4-2;4;4;C-PE-NA;NA-L;L-B-01;L-B-01-02
L4-3;4;4;C-PE-NA;NA-L;L-B-01;L-B-01-03
L5;1;4;C-PE-NA;NA-L;L-B-02;L-B-02-0
L5-1;4;4;C-PE-NA;NA-L;L-B-02;L-B-02-01
L5-2;4;4;C-PE-NA;NA-L;L-B-02;L-B-02-02
L5-3;4;4;C-PE-NA;NA-L;L-B-02;L-B-02-03
L6;4;4;C-PE-NA;NA-L;L-C-01;L-C-01-0
L6-1;4;4;C-PE-NA;NA-L;L-C-01;L-C-01-01
L6-2;4;4;C-PE-NA;NA-L;L-C-01;L-C-01-02
L6-3;4;4;C-PE-NA;NA-L;L-C-01;L-C-01-03
L6-4;4;4;C-PE-NA;NA-L;L-C-01;L-C-01-04
L6-5;4;4;C-PE-NA;NA-L;L-C-01;L-C-01-05
L7;4;4;C-PE-NA;NA-L;L-C-02;L-C-02-0
L7-1;4;4;C-PE-NA;NA-L;L-C-02;L-C-02-01
L7-2;4;4;C-PE-NA;NA-L;L-C-02;L-C-02-02
L7-3;4;4;C-PE-NA;NA-L;L-C-02;L-C-02-03
L7-4;4;4;C-PE-NA;NA-L;L-C-02;L-C-02-04
L8;4;4;C-PE-NA;NA-L;L-C-03;L-C-03-0
L8-1;4;4;C-PE-NA;NA-L;L-C-03;L-C-03-01
L8-1;4;4;C-PE-NA;NA-L;L-C-03;L-C-03-02
L9;4;4;C-PE-NA;NA-L;L-C-04;L-C-04-0
L9-1;4;4;C-PE-NA;NA-L;L-C-04;L-C-04-01
L9-2;4;4;C-PE-NA;NA-L;L-C-04;L-C-04-02
L9-3;4;4;C-PE-NA;NA-L;L-C-04;L-C-04-03
L9-4;4;4;C-PE-NA;NA-L;L-C-04;L-C-04-04
L9-5;4;4;C-PE-NA;NA-L;L-C-04;L-C-04-05
L9-6;4;4;C-PE-NA;NA-L;L-C-04;L-C-04-06
ny ;-;;C-PE-NA;NA-L;L-C-04;L-C-04-07
ny ;-;;C-PE-NA;NA-L;L-C-05;L-C-05-0
ny ;-;;C-PE-NA;NA-L;L-C-05;L-C-05-01
ny ;-;;C-PE-NA;NA-L;L-C-05;L-C-05-02
ny ;-;;C-PE-NA;NA-L;L-C-06;L-C-06-0
ny ;-;;C-PE-NA;NA-L;L-C-06;L-C-06-01
ny ;-;;C-PE-NA;NA-L;L-C-06;L-C-06-02
L11;4;4;C-PE-NA;NA-L;L-G-01;L-G-01-0
L11-1;4;4;C-PE-NA;NA-L;L-G-01;L-G-01-01
L11-2;4;4;C-PE-NA;NA-L;L-G-01;L-G-01-02
L12;4;4;C-PE-NA;NA-L;L-J-01;L-J-01-0
L12-1;4;4;C-PE-NA;NA-L;L-J-01;L-J-01-01
L14;4;4;C-PE-NA;NA-L;L-M-01;L-M-01-0
L14-1;4;4;C-PE-NA;NA-L;L-M-01;L-M-01-01
L14-2;4;4;C-PE-NA;NA-L;L-M-01;L-M-01-02
L14-3;4;4;C-PE-NA;NA-L;L-M-01;L-M-01-03
L14-4;4;4;C-PE-NA;NA-L;L-M-01;L-M-01-04
L14-5;4;4;C-PE-NA;NA-L;L-M-01;L-M-01-05
L15;4;4;C-PE-NA;NA-L;L-M-02;L-M-02-0
L15-1;4;4;C-PE-NA;NA-L;L-M-02;L-M-02-01
L15-2;4;4;C-PE-NA;NA-L;L-M-02;L-M-02-02
L15-3;4;4;C-PE-NA;NA-L;L-M-02;L-M-02-03
L15-4;4;4;C-PE-NA;NA-L;L-M-02;L-M-02-04
ny;-;;C-PE-NA;NA-L;L-M-03;L-M-03-0
ny;-;;C-PE-NA;NA-L;L-M-03;L-M-03-01
ny;-;;C-PE-NA;NA-L;L-M-03;L-M-03-02
ny;-;;C-PE-NA;NA-L;L-M-03;L-M-03-03
ny;-;;C-PE-NA;NA-L;L-M-03;L-M-03-04
L16;4;4;C-PE-NA;NA-L;L-M-04;L-M-04-0
L16-1;4;4;C-PE-NA;NA-L;L-M-04;L-M-04-01
L16-2;4;4;C-PE-NA;NA-L;L-M-04;L-M-04-02
L16-3;4;4;C-PE-NA;NA-L;L-M-04;L-M-04-03
L16-4;4;4;C-PE-NA;NA-L;L-M-04;L-M-04-04
L16-5;4;4;C-PE-NA;NA-L;L-M-04;L-M-04-05
L17;4;4;C-PE-NA;NA-L;L-M-05;L-M-05-0
L17-1;4;4;C-PE-NA;NA-L;L-M-05;L-M-05-01
L17-2;4;4;C-PE-NA;NA-L;L-M-05;L-M-05-02
L17-3;4;4;C-PE-NA;NA-L;L-M-05;L-M-05-03
L17-4;4;4;C-PE-NA;NA-L;L-M-05;L-M-05-04
L17-5;4;4;C-PE-NA;NA-L;L-M-05;L-M-05-05
L17-6;4;4;C-PE-NA;NA-L;L-M-05;L-M-05-06
L17-7;4;4;C-PE-NA;NA-L;L-M-05;L-M-05-07
O1;4;4;C-PE-NA;NA-O;O-A-01;O-A-01-0
O1-1;4;4;C-PE-NA;NA-O;O-A-01;O-A-01-01
O1-2;4;4;C-PE-NA;NA-O;O-A-01;O-A-01-02
O1-3;4;4;C-PE-NA;NA-O;O-A-01;O-A-01-03
O1-4;4;4;C-PE-NA;NA-O;O-A-01;O-A-01-04
O1-5;4;4;C-PE-NA;NA-O;O-A-01;O-A-01-05
O1-6;4;4;C-PE-NA;NA-O;O-A-01;O-A-01-06
O1-7;4;4;C-PE-NA;NA-O;O-A-01;O-A-01-07
O1-8;4;4;C-PE-NA;NA-O;O-A-01;O-A-01-08
O1-9;4;4;C-PE-NA;NA-O;O-A-01;O-A-01-09
O1-10;4;4;C-PE-NA;NA-O;O-A-01;O-A-01-10
O1-11;4;4;C-PE-NA;NA-O;O-A-01;O-A-01-11
O1-12;4;4;C-PE-NA;NA-O;O-A-01;O-A-01-12
O1-13;3;4;C-PE-NA;NA-O;O-A-01;O-A-01-13
O1-14;3;4;C-PE-NA;NA-O;O-A-01;O-A-01-14
O1-15;3;4;C-PE-NA;NA-O;O-A-01;O-A-01-15
O1-16;3;4;C-PE-NA;NA-O;O-A-01;O-A-01-16
O1-13;1;4;C-PE-NA;NA-O;O-A-01;O-A-01-17
O1-14;1;4;C-PE-NA;NA-O;O-A-01;O-A-01-18
O1-15;1;4;C-PE-NA;NA-O;O-A-01;O-A-01-19
O1-16;1;4;C-PE-NA;NA-O;O-A-01;O-A-01-20
O1-17;4;4;C-PE-NA;NA-O;O-A-01;O-A-01-21
O1-18;4;4;C-PE-NA;NA-O;O-A-01;O-A-01-22
O1-19;4;4;C-PE-NA;NA-O;O-A-01;O-A-01-23
O1-20;4;4;C-PE-NA;NA-O;O-A-01;O-A-01-24
O1-21;4;4;C-PE-NA;NA-O;O-A-01;O-A-01-25
O1-22;4;4;C-PE-NA;NA-O;O-A-01;O-A-01-26
O1-23;4;4;C-PE-NA;NA-O;O-A-01;O-A-01-27
O1-24;4;4;C-PE-NA;NA-O;O-A-01;O-A-01-28
O1-25;4;4;C-PE-NA;NA-O;O-A-01;O-A-01-29
O1-26;4;4;C-PE-NA;NA-O;O-A-01;O-A-01-30
O1-27;4;4;C-PE-NA;NA-O;O-A-01;O-A-01-31
O1-28;4;4;C-PE-NA;NA-O;O-A-01;O-A-01-32
O2;4;4;C-PE-NA;NA-O;O-A-02;O-A-02-0
O2-1;4;4;C-PE-NA;NA-O;O-A-02;O-A-02-01
O2-2;4;2;C-PE-NA;NA-O;O-A-02;O-A-02-02
O2-3,4;4;2;C-PE-NA;NA-O;O-A-02;O-A-02-03
O2-5;2;4;C-PE-NA;NA-O;O-A-02;O-A-02-04
O2-6;1;4;C-PE-NA;NA-O;O-A-02;O-A-02-05
O2-7;4;4;C-PE-NA;NA-O;O-A-02;O-A-02-06
O2-8;4;2;C-PE-NA;NA-O;O-A-02;O-A-02-07
O2-9,10;4;2;C-PE-NA;NA-O;O-A-02;O-A-02-08
O2-11;2;4;C-PE-NA;NA-O;O-A-02;O-A-02-09
O2-12;1;4;C-PE-NA;NA-O;O-A-02;O-A-02-10
O2-13;4;4;C-PE-NA;NA-O;O-A-02;O-A-02-11
O2-14;4;2;C-PE-NA;NA-O;O-A-02;O-A-02-12
O2-15,16;4;2;C-PE-NA;NA-O;O-A-02;O-A-02-13
O2-17;4;1;C-PE-NA;NA-O;O-A-02;O-A-02-14
O2-17;2;4;C-PE-NA;NA-O;O-A-02;O-A-02-15
O2-18;1;4;C-PE-NA;NA-O;O-A-02;O-A-02-16
O2-19;4;4;C-PE-NA;NA-O;O-A-02;O-A-02-17
O2-20;4;4;C-PE-NA;NA-O;O-A-02;O-A-02-18
ny ;-;;C-PE-NA;NA-O;O-A-02;O-A-02-19
O2-21;4;4;C-PE-NA;NA-O;O-A-02;O-A-02-20
ny ;-;;C-PE-NA;NA-O;O-A-02;O-A-02-21
L5;2;4;C-PE-NA;NA-O;O-B-01;O-B-01-0
L5-4;4;4;C-PE-NA;NA-O;O-B-01;O-B-01-01
L5-5;4;4;C-PE-NA;NA-O;O-B-01;O-B-01-02
O3;4;4;C-PE-NA;NA-O;O-C-01;O-C-01-0
O3-1;4;4;C-PE-NA;NA-O;O-C-01;O-C-01-01
O3-2;4;4;C-PE-NA;NA-O;O-C-01;O-C-01-02
O3-3;4;4;C-PE-NA;NA-O;O-C-01;O-C-01-03
O3-4;4;4;C-PE-NA;NA-O;O-C-01;O-C-01-04
O3-5;4;4;C-PE-NA;NA-O;O-C-01;O-C-01-05
O3-6;4;4;C-PE-NA;NA-O;O-C-01;O-C-01-06
O3-7;4;4;C-PE-NA;NA-O;O-C-01;O-C-01-07
O3-8;4;4;C-PE-NA;NA-O;O-C-01;O-C-01-08
O3-9;4;4;C-PE-NA;NA-O;O-C-01;O-C-01-09
O3-10;4;4;C-PE-NA;NA-O;O-C-01;O-C-01-10
O3-11;4;4;C-PE-NA;NA-O;O-C-01;O-C-01-11
O3-12;4;4;C-PE-NA;NA-O;O-C-01;O-C-01-12
O3-13;4;4;C-PE-NA;NA-O;O-C-01;O-C-01-13
O3-14;4;4;C-PE-NA;NA-O;O-C-01;O-C-01-14
O4;4;4;C-PE-NA;NA-O;O-C-02;O-C-02-0
O4-1;4;4;C-PE-NA;NA-O;O-C-02;O-C-02-01
O4-2;4;4;C-PE-NA;NA-O;O-C-02;O-C-02-02
O4-3;4;4;C-PE-NA;NA-O;O-C-02;O-C-02-03
O4-4;4;4;C-PE-NA;NA-O;O-C-02;O-C-02-04
O4-5;4;4;C-PE-NA;NA-O;O-C-02;O-C-02-05
O4-6;4;4;C-PE-NA;NA-O;O-C-02;O-C-02-06
O4-7;4;4;C-PE-NA;NA-O;O-C-02;O-C-02-07
O4-8;4;4;C-PE-NA;NA-O;O-C-02;O-C-02-08
O4-9;4;4;C-PE-NA;NA-O;O-C-02;O-C-02-09
ny ;-;;C-PE-NA;NA-O;O-C-03;O-C-03-0
ny ;-;;C-PE-NA;NA-O;O-C-03;O-C-03-01
ny ;-;;C-PE-NA;NA-O;O-C-03;O-C-03-02
O5;4;4;C-PE-NA;NA-O;O-G-01;O-G-01-0
O5-1;4;4;C-PE-NA;NA-O;O-G-01;O-G-01-01
O6;4;4;C-PE-NA;NA-O;O-M-01;O-M-01-0
O6-1;4;4;C-PE-NA;NA-O;O-M-01;O-M-01-01
O6-2;4;4;C-PE-NA;NA-O;O-M-01;O-M-01-02
O6-3;4;4;C-PE-NA;NA-O;O-M-01;O-M-01-03
O6-4;4;4;C-PE-NA;NA-O;O-M-01;O-M-01-04
O6-5;4;4;C-PE-NA;NA-O;O-M-01;O-M-01-05
O6;4;4;C-PE-NA;NA-O;O-M-02;O-M-02-0
O7-1;4;4;C-PE-NA;NA-O;O-M-02;O-M-02-01
O7-2;4;4;C-PE-NA;NA-O;O-M-02;O-M-02-02
O7-3;4;4;C-PE-NA;NA-O;O-M-02;O-M-02-03
O7-4;4;4;C-PE-NA;NA-O;O-M-02;O-M-02-04
T1;4;4;C-PE-NA;NA-T;T-A-01;T-A-01-0
T1-1;4;4;C-PE-NA;NA-T;T-A-01;T-A-01-01
T1-2;4;4;C-PE-NA;NA-T;T-A-01;T-A-01-02
T1-3;4;4;C-PE-NA;NA-T;T-A-01;T-A-01-03
T1-4;4;4;C-PE-NA;NA-T;T-A-01;T-A-01-04
T1-5;4;4;C-PE-NA;NA-T;T-A-01;T-A-01-05
T1-6;4;4;C-PE-NA;NA-T;T-A-01;T-A-01-06
T1-7;4;4;C-PE-NA;NA-T;T-A-01;T-A-01-07
T1-8;4;4;C-PE-NA;NA-T;T-A-01;T-A-01-08
T1-9;4;4;C-PE-NA;NA-T;T-A-01;T-A-01-09
T1-10;4;4;C-PE-NA;NA-T;T-A-01;T-A-01-10
T1-11;4;4;C-PE-NA;NA-T;T-A-01;T-A-01-11
T1-12;4;4;C-PE-NA;NA-T;T-A-01;T-A-01-12
T1-13;4;4;C-PE-NA;NA-T;T-A-01;T-A-01-13
T1-14;4;4;C-PE-NA;NA-T;T-A-01;T-A-01-14
T1-15;4;4;C-PE-NA;NA-T;T-A-01;T-A-01-15
T1-16;4;4;C-PE-NA;NA-T;T-A-01;T-A-01-16
T1-17;4;4;C-PE-NA;NA-T;T-A-01;T-A-01-17
T1-18;4;4;C-PE-NA;NA-T;T-A-01;T-A-01-18
T1-19;4;4;C-PE-NA;NA-T;T-A-01;T-A-01-19
T1-20;4;4;C-PE-NA;NA-T;T-A-01;T-A-01-20
T1-41;4;4;C-PE-NA;NA-T;T-A-01;T-A-01-21
T1-42;4;4;C-PE-NA;NA-T;T-A-01;T-A-01-22
T1-43;4;4;C-PE-NA;NA-T;T-A-01;T-A-01-23
T1-44;4;4;C-PE-NA;NA-T;T-A-01;T-A-01-24
T1-45;4;4;C-PE-NA;NA-T;T-A-01;T-A-01-25
T1-46;4;4;C-PE-NA;NA-T;T-A-01;T-A-01-26
T1-47;4;4;C-PE-NA;NA-T;T-A-01;T-A-01-27
T1-48;4;4;C-PE-NA;NA-T;T-A-01;T-A-01-28
T1-49;4;4;C-PE-NA;NA-T;T-A-01;T-A-01-29
T1-50;4;4;C-PE-NA;NA-T;T-A-01;T-A-01-30
T1-51;4;4;C-PE-NA;NA-T;T-A-01;T-A-01-31
T1-52;4;4;C-PE-NA;NA-T;T-A-01;T-A-01-32
T1-53;4;4;C-PE-NA;NA-T;T-A-01;T-A-01-33
T1-54;4;4;C-PE-NA;NA-T;T-A-01;T-A-01-34
T1-55;4;4;C-PE-NA;NA-T;T-A-01;T-A-01-35
T1-56;4;4;C-PE-NA;NA-T;T-A-01;T-A-01-36
T1-57;4;4;C-PE-NA;NA-T;T-A-01;T-A-01-37
T1-58;4;4;C-PE-NA;NA-T;T-A-01;T-A-01-38
T1-59;4;4;C-PE-NA;NA-T;T-A-01;T-A-01-39
T1-60;4;4;C-PE-NA;NA-T;T-A-01;T-A-01-40
T1-21;4;4;C-PE-NA;NA-T;T-A-01;T-A-01-41
T1-22;4;4;C-PE-NA;NA-T;T-A-01;T-A-01-42
T1-23;4;4;C-PE-NA;NA-T;T-A-01;T-A-01-43
T1-24;4;4;C-PE-NA;NA-T;T-A-01;T-A-01-44
T1-25;4;4;C-PE-NA;NA-T;T-A-01;T-A-01-45
T1-26;4;4;C-PE-NA;NA-T;T-A-01;T-A-01-46
T1-27;4;4;C-PE-NA;NA-T;T-A-01;T-A-01-47
T1-28;4;4;C-PE-NA;NA-T;T-A-01;T-A-01-48
T1-29;4;4;C-PE-NA;NA-T;T-A-01;T-A-01-49
T1-30;4;4;C-PE-NA;NA-T;T-A-01;T-A-01-50
T1-31;4;4;C-PE-NA;NA-T;T-A-01;T-A-01-51
T1-32;4;4;C-PE-NA;NA-T;T-A-01;T-A-01-52
T1-33;4;4;C-PE-NA;NA-T;T-A-01;T-A-01-53
T1-34;4;4;C-PE-NA;NA-T;T-A-01;T-A-01-54
T1-35;4;4;C-PE-NA;NA-T;T-A-01;T-A-01-55
T1-36;4;4;C-PE-NA;NA-T;T-A-01;T-A-01-56
T1-37;4;4;C-PE-NA;NA-T;T-A-01;T-A-01-57
T1-38;4;4;C-PE-NA;NA-T;T-A-01;T-A-01-58
T1-39;4;4;C-PE-NA;NA-T;T-A-01;T-A-01-59
T1-40;4;4;C-PE-NA;NA-T;T-A-01;T-A-01-60
T1-61;4;4;C-PE-NA;NA-T;T-A-01;T-A-01-61
T1-62;4;4;C-PE-NA;NA-T;T-A-01;T-A-01-62
T1-63;4;4;C-PE-NA;NA-T;T-A-01;T-A-01-63
T1-64;4;4;C-PE-NA;NA-T;T-A-01;T-A-01-64
T1-65;4;4;C-PE-NA;NA-T;T-A-01;T-A-01-65
T1-66;4;4;C-PE-NA;NA-T;T-A-01;T-A-01-66
T1-67;4;4;C-PE-NA;NA-T;T-A-01;T-A-01-67
T1-68;4;4;C-PE-NA;NA-T;T-A-01;T-A-01-68
T1-69;4;4;C-PE-NA;NA-T;T-A-01;T-A-01-69
T1-70;4;4;C-PE-NA;NA-T;T-A-01;T-A-01-70
T1-71;4;4;C-PE-NA;NA-T;T-A-01;T-A-01-71
T1-72;4;4;C-PE-NA;NA-T;T-A-01;T-A-01-72
T1-73;4;4;C-PE-NA;NA-T;T-A-01;T-A-01-73
T1-74;4;4;C-PE-NA;NA-T;T-A-01;T-A-01-74
T1-75;4;4;C-PE-NA;NA-T;T-A-01;T-A-01-75
T1-76;4;4;C-PE-NA;NA-T;T-A-01;T-A-01-76
T1-81;4;4;C-PE-NA;NA-T;T-A-01;T-A-01-77
T1-82;4;4;C-PE-NA;NA-T;T-A-01;T-A-01-78
T1-83;4;4;C-PE-NA;NA-T;T-A-01;T-A-01-79
T1-84;4;4;C-PE-NA;NA-T;T-A-01;T-A-01-80
T1-85;4;4;C-PE-NA;NA-T;T-A-01;T-A-01-81
T1;4;4;C-PE-NA;NA-T;T-A-02;T-A-02-0
T2-1;2;4;C-PE-NA;NA-T;T-A-02;T-A-02-01
T2-3;3;2;C-PE-NA;NA-T;T-A-02;T-A-02-02
T2-7;3;2;C-PE-NA;NA-T;T-A-02;T-A-02-03
T2-2;2;4;C-PE-NA;NA-T;T-A-02;T-A-02-04
T2-4;3;2;C-PE-NA;NA-T;T-A-02;T-A-02-05
T2-8;3;2;C-PE-NA;NA-T;T-A-02;T-A-02-06
T2-1;1;4;C-PE-NA;NA-T;T-A-02;T-A-02-07
T2-3;3;1;C-PE-NA;NA-T;T-A-02;T-A-02-08
T2-7;3;1;C-PE-NA;NA-T;T-A-02;T-A-02-09
T3;4;3;C-PE-NA;NA-T;T-A-03;T-A-03-0
T3-1;4;4;C-PE-NA;NA-T;T-A-03;T-A-03-01
T3-4;4;2;C-PE-NA;NA-T;T-A-03;T-A-03-02
T3-10;4;2;C-PE-NA;NA-T;T-A-03;T-A-03-03
T3-2;4;3;C-PE-NA;NA-T;T-A-03;T-A-03-04
T3-5;3;2;C-PE-NA;NA-T;T-A-03;T-A-03-05
T3-11;3;2;C-PE-NA;NA-T;T-A-03;T-A-03-06
T10-1;1;4;C-PE-NA;NA-T;T-A-03;T-A-03-07
T3-3;4;4;C-PE-NA;NA-T;T-A-03;T-A-03-08
T3-6;4;2;C-PE-NA;NA-T;T-A-03;T-A-03-09
T3-12;4;2;C-PE-NA;NA-T;T-A-03;T-A-03-10
T10-1;2;4;C-PE-NA;NA-T;T-A-03;T-A-03-11
T3-13;4;2;C-PE-NA;NA-T;T-A-03;T-A-03-12
T3-14;2;4;C-PE-NA;NA-T;T-A-03;T-A-03-13
T3-2;1;4;C-PE-NA;NA-T;T-A-03;T-A-03-14
T3-5;1;3;C-PE-NA;NA-T;T-A-03;T-A-03-15
T3-11;1;3;C-PE-NA;NA-T;T-A-03;T-A-03-16
T22, T9;4;3;C-PE-NA;NA-T;T-A-04;T-A-04-0
T22-1,2;2;3;C-PE-NA;NA-T;T-A-04;T-A-04-01
T22-1,2;2;3;C-PE-NA;NA-T;T-A-04;T-A-04-02
T22-3,4;2;3;C-PE-NA;NA-T;T-A-04;T-A-04-03
T4;3;4;C-PE-NA;NA-T;T-B-01;T-B-01-0
T4-1;3;4;C-PE-NA;NA-T;T-B-01;T-B-01-01
T4-2;4;2;C-PE-NA;NA-T;T-B-01;T-B-01-02
T4-4;4;2;C-PE-NA;NA-T;T-B-01;T-B-01-03
T4-5;2;4;C-PE-NA;NA-T;T-B-01;T-B-01-04
T4-6;3;2;C-PE-NA;NA-T;T-B-01;T-B-01-05
T4-8;3;2;C-PE-NA;NA-T;T-B-01;T-B-01-06
T4-9;2;4;C-PE-NA;NA-T;T-B-01;T-B-01-07
T4-10;3;2;C-PE-NA;NA-T;T-B-01;T-B-01-08
T4-12;3;2;C-PE-NA;NA-T;T-B-01;T-B-01-09
T4-13;4;4;C-PE-NA;NA-T;T-B-01;T-B-01-10
T4-14;4;2;C-PE-NA;NA-T;T-B-01;T-B-01-11
T4-16;4;2;C-PE-NA;NA-T;T-B-01;T-B-01-12
T4-1;0;4;C-PE-NA;NA-T;T-B-01;T-B-01-13
T4-17;4;2;C-PE-NA;NA-T;T-B-01;T-B-01-14
T4-18;2;4;C-PE-NA;NA-T;T-B-01;T-B-01-15
T4-5,9;1;4;C-PE-NA;NA-T;T-B-01;T-B-01-16
T4-6,10;1;2;C-PE-NA;NA-T;T-B-01;T-B-01-17
T4-8,12,19,20;1;2;C-PE-NA;NA-T;T-B-01;T-B-01-18
T6;4;4;C-PE-NA;NA-T;T-C-01;T-C-01-0
T6-1;4;4;C-PE-NA;NA-T;T-C-01;T-C-01-01
T6-2,3;4;4;C-PE-NA;NA-T;T-C-01;T-C-01-02
T6-4;4;4;C-PE-NA;NA-T;T-C-01;T-C-01-03
T6-5;4;4;C-PE-NA;NA-T;T-C-01;T-C-01-04
T6-6;4;4;C-PE-NA;NA-T;T-C-01;T-C-01-05
T6-7;4;4;C-PE-NA;NA-T;T-C-01;T-C-01-06
T5;4;4;C-PE-NA;NA-T;T-C-02;T-C-02-0
T5-1;4;4;C-PE-NA;NA-T;T-C-02;T-C-02-01
T5-2;3;4;C-PE-NA;NA-T;T-C-02;T-C-02-02
T5-3;4;3;C-PE-NA;NA-T;T-C-02;T-C-02-03
T5-4;3;4;C-PE-NA;NA-T;T-C-02;T-C-02-04
T5-5;4;3;C-PE-NA;NA-T;T-C-02;T-C-02-05
T5-6,7;4;4;C-PE-NA;NA-T;T-C-02;T-C-02-06
T5-8;4;4;C-PE-NA;NA-T;T-C-02;T-C-02-07
T5-9;3;4;C-PE-NA;NA-T;T-C-02;T-C-02-08
T5-10;4;3;C-PE-NA;NA-T;T-C-02;T-C-02-09
T21,T29;1;4;C-PE-NA;NA-T;T-C-03;T-C-03-0
ny;-;;C-PE-NA;NA-T;T-C-03;T-C-03-01
ny;-;;C-PE-NA;NA-T;T-C-03;T-C-03-02
T21-1;2;4;C-PE-NA;NA-T;T-C-03;T-C-03-03
T11-2, T21-1;1;4;C-PE-NA;NA-T;T-C-03;T-C-03-04
T29-8;4;4;C-PE-NA;NA-T;T-C-03;T-C-03-05
T29-3,4;3;4;C-PE-NA;NA-T;T-C-03;T-C-03-06
T29-7;4;4;C-PE-NA;NA-T;T-C-03;T-C-03-07
T29-1,2;4;4;C-PE-NA;NA-T;T-C-03;T-C-03-08
T29-5,6,9;4;4;C-PE-NA;NA-T;T-C-03;T-C-03-09
T29-5,6,9;0;4;C-PE-NA;NA-T;T-C-03;T-C-03-10
ny ;-;;C-PE-NA;NA-T;T-C-03;T-C-03-11
T11;2;2;C-PE-NA;NA-T;T-C-04;T-C-04-0
T11-3;3;3;C-PE-NA;NA-T;T-C-04;T-C-04-01
ny ;-;;C-PE-NA;NA-T;T-C-04;T-C-04-02
T12;4;4;C-PE-NA;NA-T;T-C-05;T-C-05-0
T12-1;4;4;C-PE-NA;NA-T;T-C-05;T-C-05-01
T12-2;4;4;C-PE-NA;NA-T;T-C-05;T-C-05-02
T12-3;4;4;C-PE-NA;NA-T;T-C-05;T-C-05-03
T12-4;4;4;C-PE-NA;NA-T;T-C-05;T-C-05-04
ny ;-;;C-PE-NA;NA-T;T-C-05;T-C-05-05
ny ;-;;C-PE-NA;NA-T;T-C-05;T-C-05-06
T8;3;4;C-PE-NA;NA-T;T-C-06;T-C-06-0
T8-1;4;4;C-PE-NA;NA-T;T-C-06;T-C-06-01
T8-2;4;4;C-PE-NA;NA-T;T-C-06;T-C-06-02
T8-3;4;4;C-PE-NA;NA-T;T-C-06;T-C-06-03
T8-4;4;4;C-PE-NA;NA-T;T-C-06;T-C-06-04
T8-5;4;4;C-PE-NA;NA-T;T-C-07;T-C-07-0
T8-5;4;4;C-PE-NA;NA-T;T-C-07;T-C-07-01
T7;4;4;C-PE-NA;NA-T;T-C-08;T-C-08-0
T7-1,2;4;4;C-PE-NA;NA-T;T-C-08;T-C-08-01
T7-3;4;2;C-PE-NA;NA-T;T-C-08;T-C-08-02
T7-8;4;2;C-PE-NA;NA-T;T-C-08;T-C-08-03
T7-4;2;4;C-PE-NA;NA-T;T-C-08;T-C-08-04
T7-4;3;2;C-PE-NA;NA-T;T-C-08;T-C-08-05
T7-9;4;2;C-PE-NA;NA-T;T-C-08;T-C-08-06
T7-5;4;3;C-PE-NA;NA-T;T-C-08;T-C-08-07
T7-10;2;4;C-PE-NA;NA-T;T-C-08;T-C-08-08
T7-11;4;4;C-PE-NA;NA-T;T-C-08;T-C-08-09
T7-12;4;2;C-PE-NA;NA-T;T-C-08;T-C-08-10
T7-14;4;2;C-PE-NA;NA-T;T-C-08;T-C-08-11
T13;4;4;C-PE-NA;NA-T;T-D-01;T-D-01-0
T13-3,18;3;1;C-PE-NA;NA-T;T-D-01;T-D-01-01
T13-6,18;3;1;C-PE-NA;NA-T;T-D-01;T-D-01-02
T13-9,18;3;1;C-PE-NA;NA-T;T-D-01;T-D-01-03
T13-3,17;3;2;C-PE-NA;NA-T;T-D-01;T-D-01-04
T13-6,17;2;2;C-PE-NA;NA-T;T-D-01;T-D-01-05
T13-9,17;2;2;C-PE-NA;NA-T;T-D-01;T-D-01-06
T13-10,11,16,17;4;3;C-PE-NA;NA-T;T-D-01;T-D-01-07
T13-12,13,15,17;3;2;C-PE-NA;NA-T;T-D-01;T-D-01-08
T13-14,15;2;3;C-PE-NA;NA-T;T-D-01;T-D-01-09
T13-1,2,16,17;4;3;C-PE-NA;NA-T;T-D-01;T-D-01-10
T13-4,5,16,17;3;2;C-PE-NA;NA-T;T-D-01;T-D-01-11
T13-7,8;2;3;C-PE-NA;NA-T;T-D-01;T-D-01-12
ny;-;;C-PE-NA;NA-T;T-D-02;T-D-02-0
ny;-;;C-PE-NA;NA-T;T-D-02;T-D-02-01
ny;-;;C-PE-NA;NA-T;T-D-02;T-D-02-02
T16;4;4;C-PE-NA;NA-T;T-D-03;T-D-03-0
T16-1;4;4;C-PE-NA;NA-T;T-D-03;T-D-03-01
T16-2;4;2;C-PE-NA;NA-T;T-D-03;T-D-03-02
T16-3,4;2;4;C-PE-NA;NA-T;T-D-03;T-D-03-03
T16-5;4;2;C-PE-NA;NA-T;T-D-03;T-D-03-04
T16-6;2;4;C-PE-NA;NA-T;T-D-03;T-D-03-05
T16-7;4;4;C-PE-NA;NA-T;T-D-03;T-D-03-06
T15;4;4;C-PE-NA;NA-T;T-D-04;T-D-04-0
T15-1;2;2;C-PE-NA;NA-T;T-D-04;T-D-04-01
T15-2;2;2;C-PE-NA;NA-T;T-D-04;T-D-04-02
T15-1;2;1;C-PE-NA;NA-T;T-D-04;T-D-04-03
T15-2;2;1;C-PE-NA;NA-T;T-D-04;T-D-04-04
T15-1,2;4;0;C-PE-NA;NA-T;T-D-04;T-D-04-05
T32;4;0;C-PE-NA;NA-T;T-D-05;T-D-05-0
ny;-;;C-PE-NA;NA-T;T-D-05;T-D-05-01
ny;-;;C-PE-NA;NA-T;T-D-05;T-D-05-02
T14, T10-2;4;4;C-PE-NA;NA-T;T-D-06;T-D-06-0
T14-1;2;4;C-PE-NA;NA-T;T-D-06;T-D-06-01
T14-1;2;1;C-PE-NA;NA-T;T-D-06;T-D-06-02
T14-2;4;2;C-PE-NA;NA-T;T-D-06;T-D-06-03
T10-2;4;4;C-PE-NA;NA-T;T-D-06;T-D-06-04
T14-3;4;4;C-PE-NA;NA-T;T-D-06;T-D-06-05
T21;3;4;C-PE-NA;NA-T;T-E-01;T-E-01-0
T21-2;3;4;C-PE-NA;NA-T;T-E-01;T-E-01-01
T21-3;3;4;C-PE-NA;NA-T;T-E-01;T-E-01-02
T21-4;3;4;C-PE-NA;NA-T;T-E-01;T-E-01-03
T21-5;3;4;C-PE-NA;NA-T;T-E-01;T-E-01-04
T21-6;4;4;C-PE-NA;NA-T;T-E-01;T-E-01-05
T21-2,3;0;4;C-PE-NA;NA-T;T-E-01;T-E-01-06
T21-4,5;0;4;C-PE-NA;NA-T;T-E-01;T-E-01-07
T21-7;4;4;C-PE-NA;NA-T;T-E-01;T-E-01-08
T21-8;4;4;C-PE-NA;NA-T;T-E-01;T-E-01-09
T17;2;4;C-PE-NA;NA-T;T-E-02;T-E-02-0
T17-2;4;4;C-PE-NA;NA-T;T-E-02;T-E-02-01
T17-3;4;4;C-PE-NA;NA-T;T-E-02;T-E-02-02
T17-4;4;4;C-PE-NA;NA-T;T-E-02;T-E-02-03
T18;2;4;C-PE-NA;NA-T;T-E-03;T-E-03-0
T18-3,4;1;4;C-PE-NA;NA-T;T-E-03;T-E-03-01
T18-3,4;2;4;C-PE-NA;NA-T;T-E-03;T-E-03-02
T18-2,4;2;4;C-PE-NA;NA-T;T-E-03;T-E-03-03
T18-1,4;3;2;C-PE-NA;NA-T;T-E-03;T-E-03-04
T18-4,5;3;2;C-PE-NA;NA-T;T-E-03;T-E-03-05
T18-1,4;4;2;C-PE-NA;NA-T;T-E-03;T-E-03-06
T18-6;4;4;C-PE-NA;NA-T;T-E-04;T-E-04-0
T18-6;1;4;C-PE-NA;NA-T;T-E-04;T-E-04-01
T18-6;2;4;C-PE-NA;NA-T;T-E-04;T-E-04-02
T19;4;4;C-PE-NA;NA-T;T-E-05;T-E-05-0
T19-1;2;3;C-PE-NA;NA-T;T-E-05;T-E-05-01
T19-2;2;2;C-PE-NA;NA-T;T-E-05;T-E-05-02
T19-1;2;4;C-PE-NA;NA-T;T-E-05;T-E-05-03
T19-1;1;3;C-PE-NA;NA-T;T-E-05;T-E-05-04
T19-2;2;2;C-PE-NA;NA-T;T-E-05;T-E-05-05
T19-3;2;4;C-PE-NA;NA-T;T-E-05;T-E-05-06
T19-3;1;4;C-PE-NA;NA-T;T-E-05;T-E-05-07
T19-3;1;4;C-PE-NA;NA-T;T-E-05;T-E-05-08
T19-1,2;1;4;C-PE-NA;NA-T;T-E-05;T-E-05-09
T19-1,2;1;4;C-PE-NA;NA-T;T-E-05;T-E-05-10
T24;4;4;C-PE-NA;NA-T;T-E-06;T-E-06-0
T24-1;4;4;C-PE-NA;NA-T;T-E-06;T-E-06-01
T24-2;4;4;C-PE-NA;NA-T;T-E-06;T-E-06-02
T24-3;2;4;C-PE-NA;NA-T;T-E-06;T-E-06-03
T24-3;1;4;C-PE-NA;NA-T;T-E-06;T-E-06-04
ny;-;;C-PE-NA;NA-T;T-E-06;T-E-06-05
T23;4;4;C-PE-NA;NA-T;T-E-07;T-E-07-0
T23-1;4;4;C-PE-NA;NA-T;T-E-07;T-E-07-01
T18;1;4;C-PE-NA;NA-T;T-E-08;T-E-08-0
T18-1,2,3;1;3;C-PE-NA;NA-T;T-E-08;T-E-08-01
T18-2,3,4,5;1;4;C-PE-NA;NA-T;T-E-08;T-E-08-02
T18-1,2,3;0;3;C-PE-NA;NA-T;T-E-08;T-E-08-03
T18-2,3,4,5;0;4;C-PE-NA;NA-T;T-E-08;T-E-08-04
T20;4;3;C-PE-NA;NA-T;T-E-09;T-E-09-0
T20-1;3;4;C-PE-NA;NA-T;T-E-09;T-E-09-01
T20-1,2;1;4;C-PE-NA;NA-T;T-E-09;T-E-09-02
T20-2;2;2;C-PE-NA;NA-T;T-E-09;T-E-09-03
T4;0;4;C-PE-NA;NA-T;T-F-01;T-F-01-0
T4-10;0;4;C-PE-NA;NA-T;T-F-01;T-F-01-01
T4-10,11;0;4;C-PE-NA;NA-T;T-F-01;T-F-01-02
T30;4;4;C-PE-NA;NA-T;T-F-02;T-F-02-0
T30-3;4;1900-01-04 00:00:00;C-PE-NA;NA-T;T-F-02;T-F-02-01
T30-4,7;4;4;C-PE-NA;NA-T;T-F-02;T-F-02-02
T30-5,6;4;4;C-PE-NA;NA-T;T-F-02;T-F-02-03
T30-1;4;4;C-PE-NA;NA-T;T-F-02;T-F-02-04
T30-2;4;4;C-PE-NA;NA-T;T-F-02;T-F-02-05
ny;-;;C-PE-NA;NA-T;T-F-02;T-F-02-06
T17-4,27,28,29;3;3;C-PE-NA;NA-T;T-G-01;T-G-01-0
T28-1,2,3;2;2;C-PE-NA;NA-T;T-G-01;T-G-01-01
ny;-;;C-PE-NA;NA-T;T-G-01;T-G-01-02
ny;-;;C-PE-NA;NA-T;T-G-01;T-G-01-03
ny;-;;C-PE-NA;NA-T;T-G-01;T-G-01-04
ny;-;;C-PE-NA;NA-T;T-G-01;T-G-01-05
ny;-;;C-PE-NA;NA-T;T-G-01;T-G-01-06
ny;-;;C-PE-NA;NA-T;T-G-01;T-G-01-07
ny;-;;C-PE-NA;NA-T;T-G-01;T-G-01-08
T27-8, T28-1,2,3;2;2;C-PE-NA;NA-T;T-G-01;T-G-01-09
T27-6;4;3;C-PE-NA;NA-T;T-G-01;T-G-01-10
T27-7;2;4;C-PE-NA;NA-T;T-G-01;T-G-01-11
T27-2;4;3;C-PE-NA;NA-T;T-G-01;T-G-01-12
T27-4;2;4;C-PE-NA;NA-T;T-G-01;T-G-01-13
T27-8;1;3;C-PE-NA;NA-T;T-G-01;T-G-01-14
T27-6,7;0;4;C-PE-NA;NA-T;T-G-01;T-G-01-15
T27-1,3;1;4;C-PE-NA;NA-T;T-G-01;T-G-01-16
T27-2,4,5;1;4;C-PE-NA;NA-T;T-G-01;T-G-01-17
T27-1,3;0;4;C-PE-NA;NA-T;T-G-01;T-G-01-18
T29-3;4;4;C-PE-NA;NA-T;T-G-01;T-G-01-19
T29-10;3;3;C-PE-NA;NA-T;T-G-01;T-G-01-20
T29-4;2;4;C-PE-NA;NA-T;T-G-01;T-G-01-21
T29-4;1;4;C-PE-NA;NA-T;T-G-01;T-G-01-22
T29-1;4;4;C-PE-NA;NA-T;T-G-01;T-G-01-23
T29-2;0;4;C-PE-NA;NA-T;T-G-01;T-G-01-24
T29-2;2;4;C-PE-NA;NA-T;T-G-01;T-G-01-25
T29-2;0;4;C-PE-NA;NA-T;T-G-01;T-G-01-26
T26-7;4;4;C-PE-NA;NA-T;T-G-01;T-G-01-27
ny;-;;C-PE-NA;NA-T;T-G-01;T-G-01-28
ny;-;;C-PE-NA;NA-T;T-G-01;T-G-01-29
ny;-;;C-PE-NA;NA-T;T-G-01;T-G-01-30
T26-5,6;2;4;C-PE-NA;NA-T;T-G-01;T-G-01-31
ny;-;;C-PE-NA;NA-T;T-G-01;T-G-01-32
T26-1;2;4;C-PE-NA;NA-T;T-G-01;T-G-01-33
T26-3;2;4;C-PE-NA;NA-T;T-G-01;T-G-01-34
ny;-;;C-PE-NA;NA-T;T-G-01;T-G-01-35
T26-5,6;1;4;C-PE-NA;NA-T;T-G-01;T-G-01-36
ny;-;;C-PE-NA;NA-T;T-G-01;T-G-01-37
T26-1;1;4;C-PE-NA;NA-T;T-G-01;T-G-01-38
T26-3;1;4;C-PE-NA;NA-T;T-G-01;T-G-01-39
ny;-;;C-PE-NA;NA-T;T-G-01;T-G-01-40
T25-4;2;4;C-PE-NA;NA-T;T-G-01;T-G-01-41
T25-4;1;4;C-PE-NA;NA-T;T-G-01;T-G-01-42
T25-3;2;4;C-PE-NA;NA-T;T-G-01;T-G-01-43
T25-3;1;4;C-PE-NA;NA-T;T-G-01;T-G-01-44
T25-2;2;4;C-PE-NA;NA-T;T-G-01;T-G-01-45
T25-2;1;4;C-PE-NA;NA-T;T-G-01;T-G-01-46
T25-1;2;4;C-PE-NA;NA-T;T-G-01;T-G-01-47
T25-1;1;4;C-PE-NA;NA-T;T-G-01;T-G-01-48
T25-1;1;4;C-PE-NA;NA-T;T-G-01;T-G-01-49
ny;-;;C-PE-NA;NA-T;T-G-01;T-G-01-50
ny;-;;C-PE-NA;NA-T;T-G-01;T-G-01-51
T31;3;3;C-PE-NA;NA-T;T-H-01;T-H-01-0
T31-1;4;4;C-PE-NA;NA-T;T-H-01;T-H-01-01
T31-4;4;2;C-PE-NA;NA-T;T-H-01;T-H-01-02
T31-10;4;2;C-PE-NA;NA-T;T-H-01;T-H-01-03
T31-2;4;3;C-PE-NA;NA-T;T-H-01;T-H-01-04
T31-5;3;2;C-PE-NA;NA-T;T-H-01;T-H-01-05
T31-11;3;2;C-PE-NA;NA-T;T-H-01;T-H-01-06
T31-3;4;4;C-PE-NA;NA-T;T-H-01;T-H-01-07
T31-6;4;2;C-PE-NA;NA-T;T-H-01;T-H-01-08
T31-12;4;2;C-PE-NA;NA-T;T-H-01;T-H-01-09
T31-13;4;2;C-PE-NA;NA-T;T-H-01;T-H-01-10
T31-14;2;4;C-PE-NA;NA-T;T-H-01;T-H-01-11
T31-2;1;4;C-PE-NA;NA-T;T-H-01;T-H-01-12
T31-5;1;3;C-PE-NA;NA-T;T-H-01;T-H-01-13
T31-11;1;3;C-PE-NA;NA-T;T-H-01;T-H-01-14
T4, T38;4;3;C-PE-NA;NA-T;T-I-01;T-I-01-0
T4-1,2,5,6,T38-1;1;4;C-PE-NA;NA-T;T-I-01;T-I-01-01
T4-3,4,7,8, T38-1;1;4;C-PE-NA;NA-T;T-I-01;T-I-01-02
T4-9,10,13,14;0;4;C-PE-NA;NA-T;T-I-01;T-I-01-03
T4-11,12,15,16;0;4;C-PE-NA;NA-T;T-I-01;T-I-01-04
T4-1,2,5,6,T38-1;1;4;C-PE-NA;NA-T;T-I-01;T-I-01-05
T4-3,4,7,8, T38-1;1;4;C-PE-NA;NA-T;T-I-01;T-I-01-06
T4-9,10,13,14;0;4;C-PE-NA;NA-T;T-I-01;T-I-01-07
T4-11,12,15,16;0;4;C-PE-NA;NA-T;T-I-01;T-I-01-08
T4-17;0;4;C-PE-NA;NA-T;T-I-01;T-I-01-09
T4-18;0;4;C-PE-NA;NA-T;T-I-01;T-I-01-10
T32;4;4;C-PE-NA;NA-T;T-K-01;T-K-01-0
T32-1;2;2;C-PE-NA;NA-T;T-K-01;T-K-01-01
T32-3,6;2;3;C-PE-NA;NA-T;T-K-01;T-K-01-02
T32,6,9;2;3;C-PE-NA;NA-T;T-K-01;T-K-01-03
T32-13;2;2;C-PE-NA;NA-T;T-K-01;T-K-01-04
T32-15,17;2;3;C-PE-NA;NA-T;T-K-01;T-K-01-05
T32-17,19;2;3;C-PE-NA;NA-T;T-K-01;T-K-01-06
T32-1;1;2;C-PE-NA;NA-T;T-K-01;T-K-01-07
T32-3,6;1;3;C-PE-NA;NA-T;T-K-01;T-K-01-08
T32,6,9;1;3;C-PE-NA;NA-T;T-K-01;T-K-01-09
T32-13;1;2;C-PE-NA;NA-T;T-K-01;T-K-01-10
T32-15,17;1;3;C-PE-NA;NA-T;T-K-01;T-K-01-11
T32-17,19;1;3;C-PE-NA;NA-T;T-K-01;T-K-01-12
T32-1,2;1;3;C-PE-NA;NA-T;T-K-01;T-K-01-13
T32-3,4,6,7;1;3;C-PE-NA;NA-T;T-K-01;T-K-01-14
T32,6,7,9,10;1;3;C-PE-NA;NA-T;T-K-01;T-K-01-15
T32-13,14;1;3;C-PE-NA;NA-T;T-K-01;T-K-01-16
T32-15,16,17,18;1;3;C-PE-NA;NA-T;T-K-01;T-K-01-17
T32-17,18,19,20;1;3;C-PE-NA;NA-T;T-K-01;T-K-01-18
T32-2;3;3;C-PE-NA;NA-T;T-K-01;T-K-01-19
T32-4,5,7,8;1;3;C-PE-NA;NA-T;T-K-01;T-K-01-20
T32-7,8,10;1;3;C-PE-NA;NA-T;T-K-01;T-K-01-21
T32-14;3;3;C-PE-NA;NA-T;T-K-01;T-K-01-22
T32-16,18;1;3;C-PE-NA;NA-T;T-K-01;T-K-01-23
T32,18,20;1;3;C-PE-NA;NA-T;T-K-01;T-K-01-24
T32-11,12;1;4;C-PE-NA;NA-T;T-K-01;T-K-01-25
T32-11,12;2;4;C-PE-NA;NA-T;T-K-01;T-K-01-26
T32-21;4;4;C-PE-NA;NA-T;T-K-01;T-K-01-27
T33;4;4;C-PE-NA;NA-T;T-K-02;T-K-02-0
T33-1;3;4;C-PE-NA;NA-T;T-K-02;T-K-02-01
T33-2;3;4;C-PE-NA;NA-T;T-K-02;T-K-02-02
T33-1,2;0;4;C-PE-NA;NA-T;T-K-02;T-K-02-03
T34;4;4;C-PE-NA;NA-T;T-K-03;T-K-03-0
T34-1;4;4;C-PE-NA;NA-T;T-K-03;T-K-03-01
T34-4;4;4;C-PE-NA;NA-T;T-K-03;T-K-03-02
T34-2,3;4;4;C-PE-NA;NA-T;T-K-03;T-K-03-03
T34-5,6;2;4;C-PE-NA;NA-T;T-K-03;T-K-03-04
T34-7,8,9,10;4;2;C-PE-NA;NA-T;T-K-03;T-K-03-05
T34-11;4;4;C-PE-NA;NA-T;T-K-03;T-K-03-06
T34-12;4;4;C-PE-NA;NA-T;T-K-03;T-K-03-07
ny;-;;C-PE-NA;NA-T;T-K-03;T-K-03-08
ny;-;;C-PE-NA;NA-T;T-L-01;T-L-01-0
ny;-;;C-PE-NA;NA-T;T-L-01;T-L-01-01
ny;-;;C-PE-NA;NA-T;T-L-01;T-L-01-02
ny;-;;C-PE-NA;NA-T;T-L-01;T-L-01-03
ny;-;;C-PE-NA;NA-T;T-L-01;T-L-01-04
ny;-;;C-PE-NA;NA-T;T-L-01;T-L-01-05
ny;-;;C-PE-NA;NA-T;T-L-01;T-L-01-06
ny;-;;C-PE-NA;NA-T;T-L-01;T-L-01-07
ny;-;;C-PE-NA;NA-T;T-L-01;T-L-01-08
T39-1,2,3,4,7,8;4;4;C-PE-NA;NA-T;T-M-01;T-M-01-0
T39-1,2,3,4;4;4;C-PE-NA;NA-T;T-M-01;T-M-01-01
ny;-;;C-PE-NA;NA-T;T-M-01;T-M-01-02
T39-7,8;4;4;C-PE-NA;NA-T;T-M-01;T-M-01-03
T39-5,6;4;4;C-PE-NA;NA-T;T-M-02;T-M-02-0
T39-5,6;2;4;C-PE-NA;NA-T;T-M-02;T-M-02-01
T39-5,6;1;4;C-PE-NA;NA-T;T-M-02;T-M-02-02
T35, T37;3;4;C-PE-NA;NA-T;T-M-03;T-M-03-0
T35-1;4;4;C-PE-NA;NA-T;T-M-03;T-M-03-01
T35-4;4;4;C-PE-NA;NA-T;T-M-03;T-M-03-02
T35-2,3;2;2;C-PE-NA;NA-T;T-M-03;T-M-03-03
T37-1;4;4;C-PE-NA;NA-T;T-M-03;T-M-03-04
T37-3;1;4;C-PE-NA;NA-T;T-M-03;T-M-03-05
T37-3;2;4;C-PE-NA;NA-T;T-M-03;T-M-03-06
T37-2;2;4;C-PE-NA;NA-T;T-M-03;T-M-03-07
T37-2;1;4;C-PE-NA;NA-T;T-M-03;T-M-03-08
T36-2,3;4;4;C-PE-NA;NA-T;T-M-04;T-M-04-0
T36-3;4;4;C-PE-NA;NA-T;T-M-04;T-M-04-01
T36-2;4;4;C-PE-NA;NA-T;T-M-04;T-M-04-02
T36-1;4;4;C-PE-NA;NA-T;T-M-05;T-M-05-0
T36-1;1;4;C-PE-NA;NA-T;T-M-05;T-M-05-01
T36-1;2;4;C-PE-NA;NA-T;T-M-05;T-M-05-02
T38;3;2;C-PE-NA;NA-T;T-M-06;T-M-06-0
T38-1;2;3;C-PE-NA;NA-T;T-M-06;T-M-06-01
T38-1;2;3;C-PE-NA;NA-T;T-M-06;T-M-06-02
T38-1;2;3;C-PE-NA;NA-T;T-M-06;T-M-06-03
T42;4;4;C-PE-NA;NA-T;T-N-01;T-N-01-0
T42-1;4;4;C-PE-NA;NA-T;T-N-01;T-N-01-01
T40;4;4;C-PE-NA;NA-T;T-N-02;T-N-02-0
T40-1;4;4;C-PE-NA;NA-T;T-N-02;T-N-02-01
T43;4;4;C-PE-NA;NA-T;T-N-03;T-N-03-0
T43-1;4;4;C-PE-NA;NA-T;T-N-03;T-N-03-01
T44;4;4;C-PE-NA;NA-T;T-O-01;T-O-01-0
T44-1;4;4;C-PE-NA;NA-T;T-O-01;T-O-01-01
T41;4;4;C-PE-NA;NA-T;T-O-02;T-O-02-0
T41-1;4;4;C-PE-NA;NA-T;T-O-02;T-O-02-01
T45;2;4;C-PE-NA;NA-T;T-O-03;T-O-03-0
T45-1,2;3;3;C-PE-NA;NA-T;T-O-03;T-O-03-01
T45-3;1;3;C-PE-NA;NA-T;T-O-03;T-O-03-02
T45-3;2;3;C-PE-NA;NA-T;T-O-03;T-O-03-03
T45-4;3;3;C-PE-NA;NA-T;T-O-03;T-O-03-04
T45;1;4;C-PE-NA;NA-T;T-O-04;T-O-04-0
T45-1,2;1;4;C-PE-NA;NA-T;T-O-04;T-O-04-01
T45-1,2;0;4;C-PE-NA;NA-T;T-O-04;T-O-04-02
ny;-;;C-PE-NA;NA-T;T-O-04;T-O-04-03
V1;4;4;C-PE-NA;NA-V;V-A-01;V-A-01-0
V1-1;4;4;C-PE-NA;NA-V;V-A-01;V-A-01-01
V1-2;4;4;C-PE-NA;NA-V;V-A-01;V-A-01-02
V1-3;4;4;C-PE-NA;NA-V;V-A-01;V-A-01-03
V1-4;4;4;C-PE-NA;NA-V;V-A-01;V-A-01-04
V1-5;4;4;C-PE-NA;NA-V;V-A-01;V-A-01-05
V1-6;4;4;C-PE-NA;NA-V;V-A-01;V-A-01-06
V1-7;4;4;C-PE-NA;NA-V;V-A-01;V-A-01-07
V1-8;4;4;C-PE-NA;NA-V;V-A-01;V-A-01-08
V1-9;4;4;C-PE-NA;NA-V;V-A-01;V-A-01-09
V1-10;4;4;C-PE-NA;NA-V;V-A-01;V-A-01-10
V1-11;4;4;C-PE-NA;NA-V;V-A-01;V-A-01-11
V1-12;4;4;C-PE-NA;NA-V;V-A-01;V-A-01-12
V1-13;4;4;C-PE-NA;NA-V;V-A-01;V-A-01-13
V1-14;4;4;C-PE-NA;NA-V;V-A-01;V-A-01-14
V1-15;4;4;C-PE-NA;NA-V;V-A-01;V-A-01-15
V1-16;4;4;C-PE-NA;NA-V;V-A-01;V-A-01-16
V1-17;4;4;C-PE-NA;NA-V;V-A-01;V-A-01-17
V1-18;4;4;C-PE-NA;NA-V;V-A-01;V-A-01-18
V1-19;4;4;C-PE-NA;NA-V;V-A-01;V-A-01-19
V1-20;4;4;C-PE-NA;NA-V;V-A-01;V-A-01-20
V1-21;4;2;C-PE-NA;NA-V;V-A-01;V-A-01-21
V1-22;2;4;C-PE-NA;NA-V;V-A-01;V-A-01-22
V1-23;4;2;C-PE-NA;NA-V;V-A-01;V-A-01-23
V1-24;2;4;C-PE-NA;NA-V;V-A-01;V-A-01-24
V1-25;4;2;C-PE-NA;NA-V;V-A-01;V-A-01-25
V1-26;1;4;C-PE-NA;NA-V;V-A-01;V-A-01-26
V1-27;4;2;C-PE-NA;NA-V;V-A-01;V-A-01-27
V1-28;4;3;C-PE-NA;NA-V;V-A-01;V-A-01-28
V1-29;1;4;C-PE-NA;NA-V;V-A-01;V-A-01-29
V1-30;4;4;C-PE-NA;NA-V;V-A-01;V-A-01-30
V1-31;4;4;C-PE-NA;NA-V;V-A-01;V-A-01-31
V1-32;4;4;C-PE-NA;NA-V;V-A-01;V-A-01-32
V2;4;4;C-PE-NA;NA-V;V-B-01;V-B-01-0
V2-1;4;2;C-PE-NA;NA-V;V-B-01;V-B-01-01
V2-2;2;4;C-PE-NA;NA-V;V-B-01;V-B-01-02
V2-3;4;2;C-PE-NA;NA-V;V-B-01;V-B-01-03
V2-4;2;4;C-PE-NA;NA-V;V-B-01;V-B-01-04
V2-5;4;2;C-PE-NA;NA-V;V-B-01;V-B-01-05
V2-6;1;4;C-PE-NA;NA-V;V-B-01;V-B-01-06
V2-7;4;2;C-PE-NA;NA-V;V-B-01;V-B-01-07
V2-8;1;4;C-PE-NA;NA-V;V-B-01;V-B-01-08
V2-9;4;4;C-PE-NA;NA-V;V-B-01;V-B-01-09
V2-10;4;4;C-PE-NA;NA-V;V-B-01;V-B-01-10
V3;2;4;C-PE-NA;NA-V;V-C-01;V-C-01-0
V3-1;4;4;C-PE-NA;NA-V;V-C-01;V-C-01-01
V3-2;4;4;C-PE-NA;NA-V;V-C-01;V-C-01-02
V3-3;4;4;C-PE-NA;NA-V;V-C-01;V-C-01-03
V3-4;4;4;C-PE-NA;NA-V;V-C-01;V-C-01-04
V3-5;4;4;C-PE-NA;NA-V;V-C-01;V-C-01-05
V3-7;4;4;C-PE-NA;NA-V;V-C-01;V-C-01-07
ny;-;;C-PE-NA;NA-V;V-C-01;V-C-01-08
V4-6,7,8,9;4;4;C-PE-NA;NA-V;V-C-02;V-C-02-0
ny;-;;C-PE-NA;NA-V;V-C-02;V-C-02-01
V4-6;4;4;C-PE-NA;NA-V;V-C-02;V-C-02-02
V4-8;4;4;C-PE-NA;NA-V;V-C-02;V-C-02-03
V4-7;4;4;C-PE-NA;NA-V;V-C-02;V-C-02-04
V4-9;4;4;C-PE-NA;NA-V;V-C-02;V-C-02-05
V4-6,7,8,9;4;4;C-PE-NA;NA-V;V-C-03;V-C-03-0
V4-1;4;4;C-PE-NA;NA-V;V-C-03;V-C-03-01
V4-2;4;4;C-PE-NA;NA-V;V-C-03;V-C-03-02
V4-3;4;4;C-PE-NA;NA-V;V-C-03;V-C-03-03
V4-4;4;4;C-PE-NA;NA-V;V-C-03;V-C-03-04
V4-5;4;4;C-PE-NA;NA-V;V-C-03;V-C-03-05
V6;4;4;C-PE-NA;NA-V;V-C-04;V-C-04-0
ny;-;;C-PE-NA;NA-V;V-C-04;V-C-04-01
ny;-;;C-PE-NA;NA-V;V-C-04;V-C-04-02
V6-1;4;4;C-PE-NA;NA-V;V-C-04;V-C-04-03
V6-2;4;4;C-PE-NA;NA-V;V-C-04;V-C-04-04
ny;-;;C-PE-NA;NA-V;V-C-04;V-C-04-05
ny;-;;C-PE-NA;NA-V;V-C-04;V-C-04-06
V6-3;4;4;C-PE-NA;NA-V;V-C-04;V-C-04-07
V6-4;4;4;C-PE-NA;NA-V;V-C-04;V-C-04-08
V6-7;4;4;C-PE-NA;NA-V;V-C-04;V-C-04-09
V6-8;4;4;C-PE-NA;NA-V;V-C-04;V-C-04-10
V6-5;4;4;C-PE-NA;NA-V;V-C-04;V-C-04-11
V6-6;4;4;C-PE-NA;NA-V;V-C-04;V-C-04-12
V6-9;2;4;C-PE-NA;NA-V;V-C-04;V-C-04-13
V6-9;1;4;C-PE-NA;NA-V;V-C-04;V-C-04-14
V7;3;3;C-PE-NA;NA-V;V-C-05;V-C-05-0
V7-1,2;1;3;C-PE-NA;NA-V;V-C-05;V-C-05-01
V7-1,2;1;3;C-PE-NA;NA-V;V-C-05;V-C-05-02
ny;-;;C-PE-NA;NA-V;V-C-05;V-C-05-03
ny;-;;C-PE-NA;NA-V;V-C-05;V-C-05-04
ny;-;;C-PE-NA;NA-V;V-C-05;V-C-05-05
ny;-;;C-PE-NA;NA-V;V-E-01;V-E-01-0
ny;-;;C-PE-NA;NA-V;V-E-01;V-E-01-01
ny;-;;C-PE-NA;NA-V;V-E-01;V-E-01-02
V3-6;2;4;C-PE-NA;NA-V;V-F-01;V-F-01-0
V3-6;2;4;C-PE-NA;NA-V;V-F-01;V-F-01-01
V8;4;4;C-PE-NA;NA-V;V-F-02;V-F-02-0
V8-1;4;2;C-PE-NA;NA-V;V-F-02;V-F-02-01
V8-2;2;4;C-PE-NA;NA-V;V-F-02;V-F-02-02
V8-3;4;4;C-PE-NA;NA-V;V-F-02;V-F-02-03
ny;-;;C-PE-NA;NA-V;V-G-01;V-G-01-0
ny;-;;C-PE-NA;NA-V;V-G-01;V-G-01-01
ny;-;;C-PE-NA;NA-V;V-G-01;V-G-01-02
ny;-;;C-PE-NA;NA-V;V-G-01;V-G-01-03
ny;-;;C-PE-NA;NA-V;V-G-02;V-G-02-0
ny;-;;C-PE-NA;NA-V;V-G-02;V-G-02-01
ny;-;;C-PE-NA;NA-V;V-G-02;V-G-02-02
ny;-;;C-PE-NA;NA-V;V-G-02;V-G-02-03
ny;-;;C-PE-NA;NA-V;V-I-01;V-I-01-0
ny;-;;C-PE-NA;NA-V;V-I-01;V-I-01-01
ny;-;;C-PE-NA;NA-V;V-I-01;V-I-01-02
ny;-;;C-PE-NA;NA-V;V-I-01;V-I-01-03
ny;-;;C-PE-NA;NA-V;V-I-01;V-I-01-04
V9;2;4;C-PE-NA;NA-V;V-K-01;V-K-01-0
V9-1;2;4;C-PE-NA;NA-V;V-K-01;V-K-01-01
V9-2;2;4;C-PE-NA;NA-V;V-K-01;V-K-01-02
V9-3;3;4;C-PE-NA;NA-V;V-K-01;V-K-01-03
V10;2;4;C-PE-NA;NA-V;V-K-02;V-K-02-0
V10-1;2;4;C-PE-NA;NA-V;V-K-02;V-K-02-01
V10-1,2;1;4;C-PE-NA;NA-V;V-K-02;V-K-02-02
V10-2;2;4;C-PE-NA;NA-V;V-K-02;V-K-02-03
V10-3;4;4;C-PE-NA;NA-V;V-K-02;V-K-02-04
V11, V12;2;4;C-PE-NA;NA-V;V-M-01;V-M-01-0
V12-1;1;4;C-PE-NA;NA-V;V-M-01;V-M-01-01
V12-2;1;4;C-PE-NA;NA-V;V-M-01;V-M-01-02
V12-2;1;4;C-PE-NA;NA-V;V-M-01;V-M-01-03
V12-3;2;4;C-PE-NA;NA-V;V-M-01;V-M-01-04
V11-1,2;2;4;C-PE-NA;NA-V;V-M-01;V-M-01-05
V11-1,2;1;4;C-PE-NA;NA-V;V-M-01;V-M-01-06
V13-8;4;4;C-PE-NA;NA-V;V-M-02;V-M-02-0
V13-8;4;4;C-PE-NA;NA-V;V-M-02;V-M-02-01
V13-2,4,6;4;4;C-PE-NA;NA-V;V-M-03;V-M-03-0
V13-2,4,6;4;4;C-PE-NA;NA-V;V-M-03;V-M-03-01
V11, V12;1;4;C-PE-NA;NA-V;V-M-04;V-M-04-0
V12;1;4;C-PE-NA;NA-V;V-M-04;V-M-04-01
V11;1;4;C-PE-NA;NA-V;V-M-04;V-M-04-02
ny;-;;C-PE-NA;NA-V;V-M-04;V-M-04-03
V13-7;4;4;C-PE-NA;NA-V;V-M-05;V-M-05-0
V13-7;4;4;C-PE-NA;NA-V;V-M-05;V-M-05-01
V13-1,3,5;4;4;C-PE-NA;NA-V;V-M-06;V-M-06-0
V13-1,3,5;4;4;C-PE-NA;NA-V;V-M-06;V-M-06-01
V9;0;4;C-PE-NA;NA-V;V-O-01;V-O-01-0
V9;0;4;C-PE-NA;NA-V;V-O-01;V-O-01-01
I1, I2;4;4;C-PE-NA;NA-I;I-A-01;I-A-01-0
I1-1;2;4;C-PE-NA;NA-I;I-A-01;I-A-01-01
I1-1;1;4;C-PE-NA;NA-I;I-A-01;I-A-01-02
I1-1;0;4;C-PE-NA;NA-I;I-A-01;I-A-01-03
I2-1;4;4;C-PE-NA;NA-I;I-A-01;I-A-01-04
M;;;C-PE-NA;NA-S;S-0-0;S-0-0-0
H1-1,5;2;2;C-PE-NA;NA-S;S-A-01;S-A-01-0
H1-1,5;1;2;C-PE-NA;NA-S;S-A-01;S-A-01-01
H1-1,5;2;2;C-PE-NA;NA-S;S-A-01;S-A-01-02
H1-2,3,4;3;3;C-PE-NA;NA-S;S-C-01;S-C-01-0
H1-2;3;3;C-PE-NA;NA-S;S-C-01;S-C-01-01
H1-3,4;4;4;C-PE-NA;NA-S;S-C-01;S-C-01-02
H2-1;1;2;C-PE-NA;NA-S;S-C-02;S-C-02-0
H2-1;0;2;C-PE-NA;NA-S;S-C-02;S-C-02-01
H2-1;0;2;C-PE-NA;NA-S;S-C-02;S-C-02-02
H2-1;0;2;C-PE-NA;NA-S;S-C-02;S-C-02-03
H2-1;0;2;C-PE-NA;NA-S;S-C-02;S-C-02-04
H2-1;0;2;C-PE-NA;NA-S;S-C-02;S-C-02-05
H2-1;0;1;C-PE-NA;NA-S;S-C-03;S-C-03-0
H2-1;0;1;C-PE-NA;NA-S;S-C-03;S-C-03-01
H3;4;2;C-PE-NA;NA-S;S-C-04;S-C-04-0
H2-1;0;4;C-PE-NA;NA-S;S-C-04;S-C-04-01
H3-1;4;4;C-PE-NA;NA-S;S-C-04;S-C-04-02
H2-2,3,4,5,6,7,8;4;4;C-PE-NA;NA-S;S-C-05;S-C-05-0
H2-2,3,7,8;4;4;C-PE-NA;NA-S;S-C-05;S-C-05-01
H2-4,5,6;4;4;C-PE-NA;NA-S;S-C-05;S-C-05-01
H1-1,5;1;4;C-PE-NA;NA-S;S-C-06;S-C-06-0
H1-1,5;0;4;C-PE-NA;NA-S;S-C-06;S-C-06-01
H1-1,5;1;4;C-PE-NA;NA-S;S-C-06;S-C-06-02
ny;-;;C-PE-NA;NA-S;S-C-07;S-C-07-0
ny;-;;C-PE-NA;NA-S;S-C-07;S-C-07-01
ny;-;;C-PE-NA;NA-S;S-C-07;S-C-07-02
H4-4;4;4;C-PE-NA;NA-S;S-M-01;S-M-01-0
H4-4;4;4;C-PE-NA;NA-S;S-M-01;S-M-01-01
H4-1;4;4;C-PE-NA;NA-S;S-M-02;S-M-02-0
H4-1;4;4;C-PE-NA;NA-S;S-M-02;S-M-02-01
H4-2;4;3;C-PE-NA;NA-S;S-M-03;S-M-03-0
H4-2;4;3;C-PE-NA;NA-S;S-M-03;S-M-03-01
F;;;C-PE-NA;NA-F;F-0-0;F-0-0-0
F3;4;4;C-PE-NA;NA-F;F-A-01;F-A-01-0
F3-1;4;4;C-PE-NA;NA-F;F-A-01;F-A-01-01
F3-2;4;4;C-PE-NA;NA-F;F-A-01;F-A-01-02
F3-3;4;4;C-PE-NA;NA-F;F-A-01;F-A-01-03
F3-4;4;4;C-PE-NA;NA-F;F-A-01;F-A-01-04
F3-5;4;4;C-PE-NA;NA-F;F-A-01;F-A-01-05
F3-6;4;4;C-PE-NA;NA-F;F-A-01;F-A-01-06
F4;4;4;C-PE-NA;NA-F;F-A-02;F-A-02-0
F4-1;4;4;C-PE-NA;NA-F;F-A-02;F-A-02-01
F4-2;4;4;C-PE-NA;NA-F;F-A-02;F-A-02-02
F4-9;4;4;C-PE-NA;NA-F;F-A-02;F-A-02-03
F4-10;4;4;C-PE-NA;NA-F;F-A-02;F-A-02-04
F4-3;4;4;C-PE-NA;NA-F;F-A-02;F-A-02-05
F4-4;4;4;C-PE-NA;NA-F;F-A-02;F-A-02-06
F4-11;4;4;C-PE-NA;NA-F;F-A-02;F-A-02-07
F4-12;4;4;C-PE-NA;NA-F;F-A-02;F-A-02-08
F4-5;4;4;C-PE-NA;NA-F;F-A-02;F-A-02-09
F4-6;4;4;C-PE-NA;NA-F;F-A-02;F-A-02-10
F4-13;4;4;C-PE-NA;NA-F;F-A-02;F-A-02-11
F4-14;4;4;C-PE-NA;NA-F;F-A-02;F-A-02-12
F4-7;4;4;C-PE-NA;NA-F;F-A-02;F-A-02-13
F4-8;4;4;C-PE-NA;NA-F;F-A-02;F-A-02-14
F4-15;4;4;C-PE-NA;NA-F;F-A-02;F-A-02-15
F4-16;4;4;C-PE-NA;NA-F;F-A-02;F-A-02-16
F4-17;4;4;C-PE-NA;NA-F;F-A-02;F-A-02-17
F1;4;4;C-PE-NA;NA-F;F-B-01;F-B-01-0
F1-1;4;4;C-PE-NA;NA-F;F-B-01;F-B-01-01
F1-2;4;4;C-PE-NA;NA-F;F-B-01;F-B-01-02
F1-3;4;4;C-PE-NA;NA-F;F-B-01;F-B-01-03
F1-4;4;4;C-PE-NA;NA-F;F-B-01;F-B-01-04
F1-5;4;4;C-PE-NA;NA-F;F-B-01;F-B-01-05
F1-6;4;4;C-PE-NA;NA-F;F-B-01;F-B-01-06
F1-7;4;4;C-PE-NA;NA-F;F-B-01;F-B-01-07
F1-8;4;4;C-PE-NA;NA-F;F-B-01;F-B-01-08
F1-9;4;4;C-PE-NA;NA-F;F-B-01;F-B-01-09
F1-10;4;4;C-PE-NA;NA-F;F-B-01;F-B-01-10
F1-11;4;4;C-PE-NA;NA-F;F-B-01;F-B-01-11
F1-12;4;4;C-PE-NA;NA-F;F-B-01;F-B-01-12
F1-13;4;4;C-PE-NA;NA-F;F-B-01;F-B-01-13
F1-14;4;4;C-PE-NA;NA-F;F-B-01;F-B-01-14
F1-15;4;4;C-PE-NA;NA-F;F-B-01;F-B-01-15
F1-16;4;4;C-PE-NA;NA-F;F-B-01;F-B-01-16
F1-17;4;4;C-PE-NA;NA-F;F-B-01;F-B-01-17
F1-18;4;4;C-PE-NA;NA-F;F-B-01;F-B-01-18
F2;4;4;C-PE-NA;NA-F;F-B-02;F-B-02-0
F2-1;4;4;C-PE-NA;NA-F;F-B-02;F-B-02-01
F2-2;4;4;C-PE-NA;NA-F;F-B-02;F-B-02-02
F2-3;4;4;C-PE-NA;NA-F;F-B-02;F-B-02-03
F2-4;4;4;C-PE-NA;NA-F;F-B-02;F-B-02-04
F2-5;4;4;C-PE-NA;NA-F;F-B-02;F-B-02-05
F2-6;4;4;C-PE-NA;NA-F;F-B-02;F-B-02-06
F2-7;4;4;C-PE-NA;NA-F;F-B-02;F-B-02-07
F2-8;4;4;C-PE-NA;NA-F;F-B-02;F-B-02-08
F2-9;4;4;C-PE-NA;NA-F;F-B-02;F-B-02-09
F2-10;4;4;C-PE-NA;NA-F;F-B-02;F-B-02-10
F2-11;4;4;C-PE-NA;NA-F;F-B-02;F-B-02-11
F2-12;4;4;C-PE-NA;NA-F;F-B-02;F-B-02-12
F2-13;4;4;C-PE-NA;NA-F;F-B-02;F-B-02-13
F2-14;4;4;C-PE-NA;NA-F;F-B-02;F-B-02-14
F2-15;4;4;C-PE-NA;NA-F;F-B-02;F-B-02-15
F2-16;4;4;C-PE-NA;NA-F;F-B-02;F-B-02-16
F2-17;4;4;C-PE-NA;NA-F;F-B-02;F-B-02-17
F2-18;4;4;C-PE-NA;NA-F;F-B-02;F-B-02-18
F8;4;4;C-PE-NA;NA-F;F-B-03;F-B-03-0
F8-1;4;4;C-PE-NA;NA-F;F-B-03;F-B-03-01
F8-2;4;4;C-PE-NA;NA-F;F-B-03;F-B-03-01
F5;4;4;C-PE-NA;NA-F;F-C-01;F-C-01-0
F5-1;4;4;C-PE-NA;NA-F;F-C-01;F-C-01-01
F5-2;4;4;C-PE-NA;NA-F;F-C-01;F-C-01-02
F5-3;4;4;C-PE-NA;NA-F;F-C-01;F-C-01-03
6;4;4;C-PE-NA;NA-F;F-C-02;F-C-02-0
F6-1;4;4;C-PE-NA;NA-F;F-C-02;F-C-02-01
ny;-;;C-PE-NA;NA-F;F-C-03;F-C-03-0
ny;-;;C-PE-NA;NA-F;F-C-03;F-C-03-01
ny;-;;C-PE-NA;NA-F;F-C-03;F-C-03-02
F7;4;4;C-PE-NA;NA-F;F-C-04;F-C-04-0
F7-1;4;4;C-PE-NA;NA-F;F-C-04;F-C-04-01
F7-2;4;4;C-PE-NA;NA-F;F-C-04;F-C-04-02
F7-3;4;4;C-PE-NA;NA-F;F-C-04;F-C-04-03
F7-4;4;4;C-PE-NA;NA-F;F-C-04;F-C-04-04
F7-5;4;4;C-PE-NA;NA-F;F-C-04;F-C-04-05
F7-6;4;4;C-PE-NA;NA-F;F-C-04;F-C-04-06
ny;-;;C-PE-NA;NA-F;F-C-05;F-C-05-0
ny;-;;C-PE-NA;NA-F;F-C-05;F-C-05-01
F9;4;4;C-PE-NA;NA-F;F-M-01;F-M-01-0
F9-1;4;4;C-PE-NA;NA-F;F-M-01;F-M-01-01
F9-2;4;4;C-PE-NA;NA-F;F-M-01;F-M-01-02
F9-3;4;4;C-PE-NA;NA-F;F-M-01;F-M-01-03
F9-4;4;4;C-PE-NA;NA-F;F-M-01;F-M-01-04
F9-5;4;4;C-PE-NA;NA-F;F-M-01;F-M-01-05
F9-6;4;4;C-PE-NA;NA-F;F-M-01;F-M-01-06
F9-7;4;4;C-PE-NA;NA-F;F-M-01;F-M-01-07
F9-8;4;4;C-PE-NA;NA-F;F-M-01;F-M-01-08
F10;4;4;C-PE-NA;NA-F;F-M-02;F-M-02-0
F10-1;4;4;C-PE-NA;NA-F;F-M-02;F-M-02-01
F10-2;4;4;C-PE-NA;NA-F;F-M-02;F-M-02-02
F10-3;4;4;C-PE-NA;NA-F;F-M-02;F-M-02-03
F10-4;4;4;C-PE-NA;NA-F;F-M-02;F-M-02-04
F11;4;4;C-PE-NA;NA-F;F-M-03;F-M-03-0
F11-1;4;4;C-PE-NA;NA-F;F-M-03;F-M-03-01
F11-2;4;4;C-PE-NA;NA-F;F-M-03;F-M-03-02
F12;4;4;C-PE-NA;NA-F;F-M-04;F-M-04-0
F12-1;4;4;C-PE-NA;NA-F;F-M-04;F-M-04-01
F13;4;4;C-PE-NA;NA-F;F-M-05;F-M-05-0
F13-1;4;4;C-PE-NA;NA-F;F-M-05;F-M-05-01
F13-2;4;4;C-PE-NA;NA-F;F-M-05;F-M-05-02
Ms;;;C-LI-0;0-MS;MS-0-0;MS-0-0-0
M1;4;4;C-LI-0;0-MS;MS-0-01;MS-0-01-0
M1;4;4;C-LI-0;0-MS;MS-0-01;MS-0-01-01
M2;4;4;C-LI-0;0-MS;MS-0-02;MS-0-02-0
M2;2;4;C-LI-0;0-MS;MS-0-02;MS-0-02-01
M2;1;4;C-LI-0;0-MS;MS-0-02;MS-0-02-02
M3;4;4;C-LI-0;0-MS;MS-0-03;MS-0-03-0
M3;2;4;C-LI-0;0-MS;MS-0-03;MS-0-03-01
M3;1;4;C-LI-0;0-MS;MS-0-03;MS-0-03-02
M4;4;4;C-LI-0;0-MS;MS-0-04;MS-0-04-0
M4-1;4;4;C-LI-0;0-MS;MS-0-04;MS-0-04-01
M4-2;4;4;C-LI-0;0-MS;MS-0-04;MS-0-04-02
M4-3;4;4;C-LI-0;0-MS;MS-0-04;MS-0-04-03
M4-4;4;4;C-LI-0;0-MS;MS-0-04;MS-0-04-04
M4-5;4;4;C-LI-0;0-MS;MS-0-04;MS-0-04-05
M4-6;4;4;C-LI-0;0-MS;MS-0-04;MS-0-04-06
M4;4;4;C-LI-0;0-MS;MS-0-05;MS-0-05-0
M5-1,2,3,5;2;4;C-LI-0;0-MS;MS-0-05;MS-0-05-01
M5-1,2,3,5;1;4;C-LI-0;0-MS;MS-0-05;MS-0-05-02
M5-4;3;4;C-LI-0;0-MS;MS-0-05;MS-0-05-03
M5-4;0;4;C-LI-0;0-MS;MS-0-05;MS-0-05-04
M4;4;4;C-LI-0;0-MS;MS-0-06;MS-0-06-0
M6-1,3;4;4;C-LI-0;0-MS;MS-0-06;MS-0-06-01
M6-2,4;4;4;C-LI-0;0-MS;MS-0-06;MS-0-06-02
M6-5;4;4;C-LI-0;0-MS;MS-0-06;MS-0-06-03
M6-6;4;4;C-LI-0;0-MS;MS-0-06;MS-0-06-04
M7;4;4;C-LI-0;0-MS;MS-0-07;MS-0-07-0
M7;4;4;C-LI-0;0-MS;MS-0-07;MS-0-07-01
M7;4;4;C-LI-0;0-MS;MS-0-07;MS-0-07-02
M8;4;4;C-LI-0;0-MS;MS-0-08;MS-0-08-0
M8;4;4;C-LI-0;0-MS;MS-0-08;MS-0-08-01
M9;4;4;C-LI-0;0-MS;MS-0-09;MS-0-09-0
M9;4;4;C-LI-0;0-MS;MS-0-09;MS-0-09-01
M10;;;C-LI-0;0-MU;MU-0-0;MU-0-0-0
M10;4;4;C-LI-0;0-MU;MU-0-01;MU-0-01-0
M10;4;4;C-LI-0;0-MU;MU-0-01;MU-0-01-01
Ms;;;C-LI-0;0-FS;FS-0-0;FS-0-0-0
F1;4;4;C-LI-0;0-FS;FS-0-01;FS-0-01-0
F1;4;4;C-LI-0;0-FS;FS-0-01;FS-0-01-01
F2;4;4;C-LI-0;0-FS;FS-0-02;FS-0-02-0
F2;4;4;C-LI-0;0-FS;FS-0-02;FS-0-02-01
F2;4;4;C-LI-0;0-FS;FS-0-02;FS-0-02-02
F3;4;4;C-LI-0;0-FS;FS-0-03;FS-0-03-0
F3-1;2;4;C-LI-0;0-FS;FS-0-03;FS-0-03-01
F3-1;1;4;C-LI-0;0-FS;FS-0-03;FS-0-03-02
F3-2,3;3;4;C-LI-0;0-FS;FS-0-03;FS-0-03-03
F3-2,3;0;4;C-LI-0;0-FS;FS-0-03;FS-0-03-04
F4;4;4;C-LI-0;0-FS;FS-0-04;FS-0-04-0
F4-1,3;3;4;C-LI-0;0-FS;FS-0-04;FS-0-04-01
F4-2,3;3;4;C-LI-0;0-FS;FS-0-04;FS-0-04-02
F4-4;4;4;C-LI-0;0-FS;FS-0-04;FS-0-04-03
M6-6;4;4;C-LI-0;0-FS;FS-0-04;FS-0-04-04
F5;4;4;C-LI-0;0-FS;FS-0-05;FS-0-05-0
F5-1,5;2;4;C-LI-0;0-FS;FS-0-05;FS-0-05-01
F5-1,2,3,5;2;4;C-LI-0;0-FS;FS-0-05;FS-0-05-02
F5-2,3,4;2;2;C-LI-0;0-FS;FS-0-05;FS-0-05-03
F5-2,3,4;2;2;C-LI-0;0-FS;FS-0-05;FS-0-05-04
F5-1;4;4;C-LI-0;0-FS;FS-0-05;FS-0-05-05
F6;4;4;C-LI-0;0-FS;FS-0-06;FS-0-06-0
F6;4;4;C-LI-0;0-FS;FS-0-06;FS-0-06-01
M10;;;C-LI-0;0-FU;FU-0-0;FU-0-0-0
M10;4;4;C-LI-0;0-FU;FU-0-01;FU-0-01-0
M10;4;4;C-LI-0;0-U;U-0-01;U-0-01-01
Ms;;;C-LI-0;0-TS;TS-0-0;TS-0-0-0
T1;4;4;C-LI-0;0-TS;TS-0-01;TS-0-01-0
T1;4;4;C-LI-0;0-TS;TS-0-01;TS-0-01-01
T2;4;4;C-LI-0;0-TS;TS-0-02;TS-0-02-0
T2;4;4;C-LI-0;0-TS;TS-0-02;TS-0-02-01
T2;4;4;C-LI-0;0-TS;TS-0-02;TS-0-02-02
T3;4;4;C-LI-0;0-TS;TS-0-03;TS-0-03-0
T3-1,2,3,4;4;4;C-LI-0;0-TS;TS-0-03;TS-0-03-01
T3-5;4;4;C-LI-0;0-TS;TS-0-03;TS-0-03-02
T3-6,7,8;2;4;C-LI-0;0-TS;TS-0-03;TS-0-03-03
T3-6,7,8;1;4;C-LI-0;0-TS;TS-0-03;TS-0-03-04
T3-10;4;4;C-LI-0;0-TS;TS-0-03;TS-0-03-05
T4;4;4;C-LI-0;0-TS;TS-0-04;TS-0-04-0
T4;2;4;C-LI-0;0-TS;TS-0-04;TS-0-04-01
T4;1;4;C-LI-0;0-TS;TS-0-04;TS-0-04-02
T4;1;4;C-LI-0;0-TS;TS-0-04;TS-0-04-03
T5;4;4;C-LI-0;0-TS;TS-0-05;TS-0-05-0
T5;2;4;C-LI-0;0-TS;TS-0-05;TS-0-05-01
T5;1;4;C-LI-0;0-TS;TS-0-05;TS-0-05-02
T6;4;4;C-LI-0;0-TS;TS-0-06;TS-0-06-0
T6-2-18;4;4;C-LI-0;0-TS;TS-0-06;TS-0-06-01
T6-19,20,21,22;4;4;C-LI-0;0-TS;TS-0-06;TS-0-06-02
T6-23,24,25;4;4;C-LI-0;0-TS;TS-0-06;TS-0-06-03
T7;4;4;C-LI-0;0-TS;TS-0-06;TS-0-06-04
T6-27-28;4;4;C-LI-0;0-TS;TS-0-06;TS-0-06-05
T6-29,30,31,32;4;4;C-LI-0;0-TS;TS-0-06;TS-0-06-06
T6-1;4;4;C-LI-0;0-TS;TS-0-06;TS-0-06-07
T6-M1;4;4;C-LI-0;0-TS;TS-0-06;TS-0-06-08
T6-M2;4;4;C-LI-0;0-TS;TS-0-06;TS-0-06-09
T6-M3;4;4;C-LI-0;0-TS;TS-0-06;TS-0-06-10
T6-M4;4;4;C-LI-0;0-TS;TS-0-06;TS-0-06-11
T6-M5;4;4;C-LI-0;0-TS;TS-0-06;TS-0-06-12
T6-M6;4;4;C-LI-0;0-TS;TS-0-06;TS-0-06-13
T6-M7;4;4;C-LI-0;0-TS;TS-0-06;TS-0-06-14
T6;4;4;C-LI-0;0-TS;TS-0-07;TS-0-07-0
T8-1;4;4;C-LI-0;0-TS;TS-0-07;TS-0-07-01
T8-2;4;4;C-LI-0;0-TS;TS-0-07;TS-0-07-02
T8-3,4;4;4;C-LI-0;0-TS;TS-0-07;TS-0-07-03
T8-5,6;4;4;C-LI-0;0-TS;TS-0-07;TS-0-07-04
T8-7;4;4;C-LI-0;0-TS;TS-0-07;TS-0-07-05
T9;4;4;C-LI-0;0-TS;TS-0-08;TS-0-08-0
T9-2,5,8,13,14-26;3;4;C-LI-0;0-TS;TS-0-08;TS-0-08-01
T9-3,6,9,13;3;4;C-LI-0;0-TS;TS-0-08;TS-0-08-02
T9-14-26;2;4;C-LI-0;0-TS;TS-0-08;TS-0-08-03
T9-14-26;1;4;C-LI-0;0-TS;TS-0-08;TS-0-08-04
T9-1;4;4;C-LI-0;0-TS;TS-0-08;TS-0-08-05
T9-4;4;4;C-LI-0;0-TS;TS-0-08;TS-0-08-06
T9-7;4;4;C-LI-0;0-TS;TS-0-08;TS-0-08-07
T9-10;4;4;C-LI-0;0-TS;TS-0-08;TS-0-08-08
T9-11,12;4;4;C-LI-0;0-TS;TS-0-08;TS-0-08-09
T10;4;4;C-LI-0;0-TS;TS-0-09;TS-0-09-0
T10-1,2;4;4;C-LI-0;0-TS;TS-0-09;TS-0-09-01
T10-3;4;4;C-LI-0;0-TS;TS-0-09;TS-0-09-02
T10-M1,M2,M3,M4.M5;4;4;C-LI-0;0-TS;TS-0-09;TS-0-09-04
T10-M6;4;4;C-LI-0;0-TS;TS-0-09;TS-0-09-05
T10-M7;4;4;C-LI-0;0-TS;TS-0-09;TS-0-09-06
T11;4;4;C-LI-0;0-TS;TS-0-10;TS-0-10-0
T11-1;4;4;C-LI-0;0-TS;TS-0-10;TS-0-10-01
T11-2;4;4;C-LI-0;0-TS;TS-0-10;TS-0-10-02
T11-3;4;4;C-LI-0;0-TS;TS-0-10;TS-0-10-03
T11-M1;4;4;C-LI-0;0-TS;TS-0-10;TS-0-10-04
T11-M2;4;4;C-LI-0;0-TS;TS-0-10;TS-0-10-05
T11-M3;4;4;C-LI-0;0-TS;TS-0-10;TS-0-10-06
T11-M4;4;4;C-LI-0;0-TS;TS-0-10;TS-0-10-07
T11-M5;4;4;C-LI-0;0-TS;TS-0-10;TS-0-10-08
T12;4;4;C-LI-0;0-TS;TS-0-11;TS-0-11-0
T12-1,2,3,4;4;4;C-LI-0;0-TS;TS-0-11;TS-0-11-01
T12-5;4;4;C-LI-0;0-TS;TS-0-11;TS-0-11-02
T13;4;4;C-LI-0;0-TS;TS-0-12;TS-0-12-0
T13;4;4;C-LI-0;0-TS;TS-0-12;TS-0-12-01
T14;4;4;C-LI-0;0-TU;TU-0-01;TU-0-01-0
T14-1;4;4;C-LI-0;0-TU;TU-0-01;TU-0-01-01
T14-2;4;4;C-LI-0;0-TU;TU-0-01;TU-0-01-02
T15;4;4;C-LI-0;0-TU;TU-0-02;TU-0-02-0
T15;4;4;C-LI-0;0-TU;TU-0-02;TU-0-02-01
