Klasse;Navn;Kortkode;Langkode;in_drupal;content_preview;status_code
Type;Bremassiv;A-LV-BM;NIN-3.0-T-A-LV-BM;True;[{'References': ['Nodes/329708', 'Nodes/355441', 'Nodes/355685', 'Nodes/348213', 'Nodes/169413', 'Nodes/329707'], 'Keys': ['1575543865', '1654257568', 'public'], '_': None, 'Id': 'Nodes/353736', 'Title': 'Bremasiv landingsside NiN 3', 'Type': 'description', 'Languages': ['und'], 'Created': '2023-10-27T09:59:58Z', 'Published': '2023-10-27T09:59:58Z', 'Changed': '2023-11-14T14:13:57Z', 'Fields': [{'Name': 'body', 'Language': 'und', 'Values': ['<p>Breer er et fremtredende landskapselement i norske fjell, særlig på Svalbard. Breene er dynamiske. Snø og is samles i høyfjellet og isen beveger seg sakte nedover mot lavere land der den smelter. Høydenivået der det er balanse mellom tilført snø og avsmelting kalles likevektslinja. Den beveger seg oppover dersom somrene blir varmere eller vintrene mer snøfattige. Da vil brefronten etter hvert trekke seg tilbake. Omvendt fører kjøligere somre og snørike vintre til at likevektslinja flyttes nedover og brefrontene rykker frem.\xa0\xa0</p>\n<p>\xa0</p>\n<p>Siden breene er dynamiske landformer, vil de stadig endre utstrekning og dermed også størrelse.</p>\n<p>\xa0</p>\n<p><strong>Hierarkiet i Bremassiv</strong></p>\n<p>Bremassiv omfatter en\xa0bremassivgruppe med til sammen ni bremassiv-enheter.\xa0Breer kan finnes i tilknytning til mange ulike terrengformer, fra alpint landskap med dype daler og skarpe tinder og egger til fjellplatåer. Formen og utseendet på breene, som endrer seg med størrelsen og terrenget, ligger til grunn for typeinndelingen av bremassiv i NiN.</p>\n'], 'References': None, 'Fields': None}, {'Name': 'collection', 'Language': None, 'Values': [], 'References': ['Nodes/329708'], 'Fields': []}, {'Name': 'descriptioncontent', 'Language': None, 'Values': [], 'References': ['Nodes/355441', 'Nodes/355685'], 'Fields': []}, {'Name': 'intro', 'Language': 'und', 'Values': ['<p>Et bremassiv er en dynamisk landform bestående av varig is. Den varige isen som vi ofte forbinder med isbreer er blitt dannet gjennom tusener av år ved at masser av is komprimeres. Kontinuerlig snøfall og lave temperaturer under 0 grader fører til at snø hoper seg opp, og at de dypeste snølagene etter hvert går over til is. Bremassivene kan finnes i tilknytning til mange ulike terrengformer.</p>\n'], 'References': [], 'Fields': []}, {'Name': 'reference', 'Language': None, 'Values': [], 'References': ['Nodes/348213'], 'Fields': []}, {'Name': 'groups', 'Language': None, 'Values': ['default'], 'References': ['Nodes/169413', 'Nodes/329707'], 'Fields': []}]}];200
Type;Elveløp;A-LV-EL;NIN-3.0-T-A-LV-EL;True;"[{'References': ['Nodes/329708', 'Nodes/355678', 'Nodes/348214', 'Nodes/169413', 'Nodes/329707'], 'Keys': ['1575543865', '1654257568', 'public'], '_': None, 'Id': 'Nodes/353733', 'Title': 'Elveløp landingsside NiN 3', 'Type': 'description', 'Languages': ['und'], 'Created': '2023-10-27T09:58:55Z', 'Published': '2023-10-27T09:58:55Z', 'Changed': '2023-11-21T12:15:33Z', 'Fields': [{'Name': 'body', 'Language': 'und', 'Values': ['<p>Elveløp er ment å skulle beskrive deler av et vassdrag på en grov skala – det vil si 100–1000 meter. Typesystemet beskriver vassdragene basert på elvas fysiske, observerbare egenskaper og ikke basert på arters respons på ulike miljøvariabler slik man gjør i Natursystem. Elveløpet er avgrenset mot sidene ved breddfullt elveleie og inkluderer eventuelle banker og øyer som har et sedimentunderlag, det vil si som ikke består av synlig fast fjell.</p>\n<p>\xa0</p>\n<p>Elvene fører vann fra toppen av nedbørfeltet og helt ut i havet. De varierer i bratthet: Fra loddrette fosser til roligflytende, nesten flate elveløp der strømmen knapt kan sees. Vannstrømmen er en energistrøm som har evne til å grave i undergrunnen, både i dybden og sideveis, og vannstrømmens intensitet avgjør hvor stor denne gravende kraften er. Vannet har også evne til å transportere materiale med vannstrømmen. Denne evnen er også avhengig av vannstrømmens intensitet.</p>\n<p>\xa0</p>\n<p>Materialtransporten deles gjerne inn etter:</p>\n<p>\xa0</p>\n<ul><li>transport av svevende materiale i vannmassene (suspensjon) og</li>\n<li>bunntransport der grovere sand, grus og stein fraktes langs bunnen av elva.</li>\n</ul><p>\xa0</p>\n<p>Hvis en rasktflytende elv kommer over i roligere partier eller renner inn i stillestående vann, vil elva miste transportkapasiteten sin. Da faller materiale som transporteres til bunnen (avsettes). Først avsettes de grovkornede, deretter de finkornete fraksjonene; det vil si at materialet avsettes langs en kornstørrelsesgradient fra blokker via stein, grus og sand, til finmateriale (silt og suspendert leire). Det er derfor ikke bare stor variasjon mellom nedbørfelt, men i like stor grad langs elveløpet innenfor et vassdrag.</p>\n<p>\xa0</p>\n<p><strong>Hierarkiet i Elveløp</strong></p>\n<p>Typeinndelingen av elveløp har to nivåer; elveløpsgruppe og elveløpsenhet (elvetype). Typesystemet åpner for grovsortering av elveløp basert på dominerende prosess og lengdeform. Systemer består av 19 elveløpstyper fordelt på sju grupper. Av disse nitten elveløpstypene er sytten formet av naturlige prosesser. Innenfor en elveløpsenhet skal det være relativt liten variasjon i egenskaper som helning, vannhastighet, form etc., og samme geomorfologiske prosess(er), som f.eks. is, vann, vind m.m. skal ha formet og være aktiv(e) i hele elveløpet.</p>\n'], 'References': None, 'Fields': None}, {'Name': 'collection', 'Language': None, 'Values': [], 'References': ['Nodes/329708'], 'Fields': []}, {'Name': 'descriptioncontent', 'Language': None, 'Values': [], 'References': ['Nodes/355678'], 'Fields': []}, {'Name': 'heading', 'Language': 'und', 'Values': ['<p>Elveløp</p>\n'], 'References': [], 'Fields': []}, {'Name': 'intro', 'Language': 'und', 'Values': ['<p>Elveløp brukes for å beskrive elv som landform, og beskriver de fysiske forholdene som virker i elva, ikke økosystemet på elvebunnen eller i vannet. Et elveløp omfatter en del av et vassdrag som fører elvevannmasser mer enn 50 prosent av tiden. Ei elv vil dermed kunne bestå av flere elveløp basert på variasjonen i de fysiske forholdene som virker i elva.</p>\n'], 'References': [], 'Fields': []}, {'Name': 'reference', 'Language': None, 'Values': [], 'References': ['Nodes/348214'], 'Fields': []}, {'Name': 'groups', 'Language': None, 'Values': ['default'], 'References': ['Nodes/169413', 'Nodes/329707'], 'Fields': []}]}]";200
Type;Landformer i fast fjell og løsmasser;A-LV-FL;NIN-3.0-T-A-LV-FL;True;"[{'References': ['Nodes/329708', 'Nodes/355676', 'Nodes/355684', 'Nodes/348215', 'Nodes/169413', 'Nodes/329707'], 'Keys': ['1575543865', '1654257568', 'public'], '_': None, 'Id': 'Nodes/353732', 'Title': 'Landformer i fast fjell og løsmasser landingsside NiN 3', 'Type': 'description', 'Languages': ['und'], 'Created': '2023-10-27T09:56:53Z', 'Published': '2023-10-27T09:56:53Z', 'Changed': '2023-11-14T14:13:57Z', 'Fields': [{'Name': 'body', 'Language': 'und', 'Values': ['<p>Det er vanlig å skille mellom to fundamentalt ulike prosesser som former landoverflata vår; indre og ytre krefter.</p>\n<p>\xa0</p>\n<p>Indre krefter dekker alle prosesser i jordas indre slik som kontinentaldrift, inkludert fjellkjededannelse og dannelse av midthavsrygger, jordskjelv med forkastninger og sprekkedannelser i berggrunnen, landhevning og vulkanisme.</p>\n<p>\xa0</p>\n<p>Så snart nytt fjell dannes, enten det er snakk om fjellkjededannelse eller, i mindre skala – vulkanske utbrudd, starter ytre prosesser å virke på fjellgrunnen. Den utsettes for varme og frost, og temperaturvekslinger fører til at fjellet sprekker opp og smuldrer. Fjellet angripes også kjemisk i større eller mindre grad avhengig av berggrunnens egenskaper. Vann som er surt, løser for eksempel opp kalkstein og danner grotter og mange andre former for karstlandformer. Resultatene av denne type ytre påvirkning kalles for forvitring.</p>\n<p>\xa0</p>\n<p>Fjellet utsettes i tillegg for fysiske påkjenninger som gradvis fører til endringer av landoverflata. Elver og breer graver seg ned i underlaget, vinden blåser og sliper steinoverflater, bølger slår mot stranda og graver og former kystlinja på nytt. Dette kalles erosjon. Men elver, breer, vind og bølger vil ikke bare grave, de tar også tak i alt løst materiale og transporterer det nedover i terrenget mot lavereliggende land. Derfor er gravitasjonen den grunnleggende kraften som driver nedbrytingen av fast fjell.</p>\n<p>\xa0</p>\n<p><strong>Hierarkiet i Landformer i fast fjell og løsmasser</strong></p>\n<p>\xa0</p>\n<p>Typesystemet for Landformer i fast fjell og løsmasser er et pragmatisk system. Med dette mener vi at typesystemet i mindre grad enn for de andre typesystemene er basert på like klare prinsipper. Hver landformgruppe inkluderer alle landformenheter som i hovedsak er betinget av en gitt prosess og som regnes for å være veldefinerte og observerbare. Til sammen omfatter denne landformgruppen 16 landformgrupper. Gruppene er inndelt på grunnlag av hvilken prosess som har dannet landformene. Gruppene er igjen inndelt i til sammen 126 landformenheter. Da er torvmassiv og bremassiv utskilt som egne landformkategorier som det er utarbeidet egne typesystemer for. I noen grad er det overlapp mellom landformer i fast fjell og løsmasser, og typer av elveløp og innsjøbasseng. De sistnevnte danner egne typesystemer.</p>\n'], 'References': None, 'Fields': None}, {'Name': 'collection', 'Language': None, 'Values': [], 'References': ['Nodes/329708'], 'Fields': []}, {'Name': 'descriptioncontent', 'Language': None, 'Values': [], 'References': ['Nodes/355676', 'Nodes/355684'], 'Fields': []}, {'Name': 'heading', 'Language': 'und', 'Values': ['<p>Landformer i fast fjell og løsmasser</p>\n'], 'References': [], 'Fields': []}, {'Name': 'intro', 'Language': 'und', 'Values': ['<p>Landformer i fast fjell og løsmasser er en samlekategori for landformer som er resultatet av et stort mangfold av landformdannende prosesser (vind, jordas indre prosesser, bølger, is og så videre). Hver landformgruppe inkluderer alle landformenheter som i hovedsak er betinget av en gitt prosess og som regnes for å være veldefinerte og observerbare. Det kan være stor variasjon innenfor de ulike landformenhetene.</p>\n'], 'References': [], 'Fields': []}, {'Name': 'reference', 'Language': None, 'Values': [], 'References': ['Nodes/348215'], 'Fields': []}, {'Name': 'groups', 'Language': None, 'Values': ['default'], 'References': ['Nodes/169413', 'Nodes/329707'], 'Fields': []}]}]";200
Type;Innsjøbasseng;A-LV-IB;NIN-3.0-T-A-LV-IB;True;"[{'References': ['Nodes/329708', 'Nodes/355679', 'Nodes/355680', 'Nodes/348216', 'Nodes/169413', 'Nodes/329707'], 'Keys': ['1575543865', '1654257568', 'public'], '_': None, 'Id': 'Nodes/353734', 'Title': 'Innsjøbasseng landingsside NiN 3', 'Type': 'description', 'Languages': ['und'], 'Created': '2023-10-27T09:59:18Z', 'Published': '2023-10-27T09:59:18Z', 'Changed': '2023-11-14T14:13:57Z', 'Fields': [{'Name': 'body', 'Language': 'und', 'Values': ['<p>For å bli en innsjø, må bassenget ha så tett bunn at vannet som renner inn i bassenget ikke bare forsvinner ned i grunnen og blir del av grunnvannet. Dessuten må bassenget ha en terskel som hindrer vannet i å renne ut. Innsjøbasseng som landform karakteriseres derfor av to ting: kombinasjonen av geomorfologiske prosesser som har gitt opphav til bassenget og terskelen.</p>\n<p>\xa0</p>\n<p>Det norske landskapet, både på fastlandet og på Svalbard, er først og fremst formet av isbreer som har gravd i fjell og etterlatt store løsmasseavsetninger. Isbreer spiller en hoved- eller birolle i dannelsen av de fleste innsjøbasseng i Norge.</p>\n<p>\xa0</p>\n<p>Begrepet innsjø brukes først og fremst om store vannforekomster, mens tjern, dam og pytt brukes om mindre vannfylte basseng. Alle vannforekomster, uavhengig av størrelse, inngår i typesystemet for innsjøbasseng.</p>\n<p>\xa0</p>\n<p><strong>Hierarkiet i Innsjøbasseng</strong></p>\n<p>Innsjøbasseng har to nivåer; innsjøbasseng-gruppe og innsjøbasseng-enhet. Både grupper og enheter har navn som ender på -basseng. På samme måte som for alle de andre typesystemene, er gradvise overganger vanlige.</p>\n<p>\xa0</p>\n<p>Innsjøbasseng skiller mellom 14 innsjøbasseng-grupper på grunnlag av hvilken geomorfologisk prosess som var viktigst for utformingen av bassenget og for at det ble fylt av vann. Både prosessen som graver ut bassenger samt prosessen som etablerer terskelen som holder vannet tilbake, blir derfor vektlagt.</p>\n<p>\xa0</p>\n<p>De 14 innsjøbasseng gruppene kan videre dels inn i 39 innsjøbasseng-enheter som defineres ved å kombinere prosess og morfologi (lengde, dybde, form og plassering i forhold til andre landformer). Enheter som er formet av en kombinasjon av prosesser, plasseres i den gruppa som anses å ha hatt størst betydning for bassengets dybde. Etter det ser vi på innsjøens overflateareal. Ved definisjon av enheter innenfor hver gruppe, tas også den sekundære prosessen i betraktning.</p>\n'], 'References': None, 'Fields': None}, {'Name': 'collection', 'Language': None, 'Values': [], 'References': ['Nodes/329708'], 'Fields': []}, {'Name': 'descriptioncontent', 'Language': None, 'Values': [], 'References': ['Nodes/355679', 'Nodes/355680'], 'Fields': []}, {'Name': 'heading', 'Language': 'und', 'Values': ['<p>Innsjøbasseng</p>\n'], 'References': [], 'Fields': []}, {'Name': 'intro', 'Language': 'und', 'Values': ['<p>Innsjøbasseng er en landform dannet av én eller flere geomorfologiske prosesser som vind, breer og elver.</p>\n'], 'References': [], 'Fields': []}, {'Name': 'reference', 'Language': None, 'Values': [], 'References': ['Nodes/348216'], 'Fields': []}, {'Name': 'groups', 'Language': None, 'Values': ['default'], 'References': ['Nodes/169413', 'Nodes/329707'], 'Fields': []}]}]";200
Type;Torvmarksmassiv;A-LV-TM;NIN-3.0-T-A-LV-TM;True;"[{'References': ['Nodes/329708', 'Nodes/355682', 'Nodes/348217', 'Nodes/169413', 'Nodes/329707'], 'Keys': ['1575543865', '1654257568', 'public'], '_': None, 'Id': 'Nodes/353735', 'Title': 'Torvmarksmassiv landingsside NiN 3', 'Type': 'description', 'Languages': ['und'], 'Created': '2023-10-27T09:59:33Z', 'Published': '2023-10-27T09:59:33Z', 'Changed': '2023-11-29T10:23:23Z', 'Fields': [{'Name': 'body', 'Language': 'und', 'Values': ['<p>I NiN-systemet typeinndeles myrer både som landformer og som økosystemer. Myra som økosystem beskrives under Våtmarkssystemer under Natursystem. Når myra betraktes som landform, ser vi på dens overflateform, hydrologiske egenskaper og de prosessene som har ført til at myra er dannet. Fordi det bare er på våt mark at det dannes torvlag som er tykke nok til utgjøre en landform, mener vi våtmarkstorv når vi skriver torv her.</p>\n<p>\xa0</p>\n<p>Som landformer skiller myrene seg fra landformer i fast fjell og løsmasser, elveløp, innsjøbasseng og isbreer ved at de nesten utelukkende består av lite nedbrutte rester av planter som har vokst på stedet, det vil si torv.</p>\n<p>\xa0</p>\n<p>Torv er stedegent akkumulert organisk materiale der minst 30 prosent av tørrvekta består av døde plante- og dyrerester. Det er ingen krav til tykkelse på torvlaget for at den skal kunne kategoriseres som torv. En torvmark er dermed et område med et naturlig akkumulert torvlag på toppen. Torv kan dannes både på permanent våt mark og på fastmark (fastmarkstorv). Det aller meste av torvmarkene i Norge finnes på våt mark og har våtmarksøkosystemer på toppen.</p>\n<p>\xa0</p>\n<p>Et torvmassiv gjenspeiler samspillet mellom undergrunnens topografi, vanntilførselen og torvdannende prosesser, og utgjør en hydrologisk enhet. Torvmassiv-inndelingen er derfor på en relativt grov skala. Hovedtyngden av torvmassivene har en utstrekning på 100–1000 meter, men både større og mindre torvmassiv finnes.</p>\n<p>\xa0</p>\n<p>I dagligtalen, og til dels også i NiN når det ikke er fare for misforståelser, brukes begrepene myr og torvmark om hverandre. Det er likevel en viktig nyanseforskjell: Torvmark er det tykke laget med akkumulert torv, mens myr er et område med våt torv der det akkumuleres torv i overflatelaget. De aller fleste torvmarker har vegetasjon på toppen som produserer torv, og er derfor også myrer. Unntak er torvmarker som er grøftet eller på andre måter ødelagt slik at de ikke lenger produserer torv. Basert på nyere undersøkelser estimeres myrarealet i Norge til 41\xa0655 km<sup>2</sup>, og dette er fordelt på 28\xa0777 km<sup>2</sup> åpen myr og 12\xa0878 km<sup>2</sup> myr- og sumpskog. Det totale torvmarksarealet, inkludert grøftet og på annen måte ødelagt myr, estimeres til 48\xa0655 km<sup>2</sup>.\xa0</p>\n<p>\xa0</p>\n<p>I Norge har vi spesielt stor regional naturvariasjon på grunn av variasjon i klima og topografi i et langstrakt land med mye fjell. Dette viser seg også i myrnaturen, blant annet med mange typer torvmarker som har klar regional utbredelse. Eksempel på dette er palsmyr som vi bare finner der det er et kaldt, kontinentalt innlandsklima, og atlantisk høgmyr som vi bare finner i mildt, oseanisk kystklima.</p>\n<p>\xa0</p>\n<p><strong>Hierarkiet i Torvmassiv</strong></p>\n<p>Torvmassiv har to nivåer: torvmassivgruppe og torvmassivenhet. Gruppene har navn som ender på ‘-torvmassiv’ og er til sammen delt inn i åtte. Inndelingen er gjort på grunnlag av vanntilførsel og viktigste torvmarksdannende prosesser. Overveiende jordvannsmyrer som danner minerogene torvmassiv (det vil si torvmassiv med vanntilførsel fra både nedbør og mineralpåvirket grunnvann eller jordvann) omfatter fire grupper, og torvmassiv dominert av nedbørsmyrer med ombrogen torv (det vil si torv hvor alt vann kommer fra nedbør) omfatter to grupper. De to siste gruppene består av torvmassiv med betydelig innslag av både minerogen og ombrogen torv.</p>\n<p>\xa0</p>\n<p>Torvmassivenhetene er definerte på bakgrunn av forskjeller i hydromorfolog, hvordan vannet påvirker og har navn som ender på ""myr"" eks jordvannsmyr som nevnt i teksten over. I alt er det 22 torvmassivenheter. Mange av enhetene viser stor variasjon i overflateformer, og torvmassiv som er utypiske eller har trekk av to eller flere enheter, er vanlig. Det skyldes blant annet at de fleste torvmassiv i Norge ennå ikke har nådd endepunktet for sin utvikling.</p>\n'], 'References': None, 'Fields': None}, {'Name': 'collection', 'Language': None, 'Values': [], 'References': ['Nodes/329708'], 'Fields': []}, {'Name': 'descriptioncontent', 'Language': None, 'Values': [], 'References': ['Nodes/355682'], 'Fields': []}, {'Name': 'heading', 'Language': 'und', 'Values': ['<p>Torvmarksmassiv</p>\n'], 'References': [], 'Fields': []}, {'Name': 'intro', 'Language': 'und', 'Values': ['<p>Torvmarksmassiv brukes for å beskrive myr som landform, og beskriver torvforekomstens egenskaper, ikke myrøkosystemet på torvoverflata. Typeinndelingen i Torvmarksmassiv er resultatet av de økologiske forholdene som har virket på myrdanning og myrvekst over tid.</p>\n'], 'References': [], 'Fields': []}, {'Name': 'reference', 'Language': None, 'Values': [], 'References': ['Nodes/348217'], 'Fields': []}, {'Name': 'groups', 'Language': None, 'Values': ['default'], 'References': ['Nodes/169413', 'Nodes/329707'], 'Fields': []}]}]";200
Hovedtypegruppe;Fastmarkssystemer;NA-T;NIN-3.0-T-C-PE-NA-MB-NA-T;True;[{'References': ['Nodes/329708', 'Nodes/353396', 'Nodes/353282', 'Nodes/353358', 'Nodes/353320', 'Nodes/348280', 'Nodes/T127', 'Nodes/T367', 'Nodes/329707', 'Nodes/316379', 'Nodes/T10', 'Nodes/133470', 'Nodes/T13'], 'Keys': ['1654257568'], '_': None, 'Id': 'Nodes/353434', 'Title': 'Fastmarkssystemer NIN-3.0-T-C-PE-NA-MB-NA-T', 'Type': 'description', 'Languages': ['nb'], 'Created': '2023-10-26T07:25:51Z', 'Published': '2023-10-26T07:36:28Z', 'Changed': '2023-10-26T07:36:28Z', 'Fields': [{'Name': 'body', 'Language': 'nb', 'Values': ['<p>NA-T Fastmarkssystemer omfatter alt areal på land unntatt permanent vannmettet mark og isbreer, som tilhører henholdsvis NA-V Våtmarkssystemer og NA-I Snø- og issystemer. Langs vassdrag grenser hovedtypegruppa mot NA-L Innsjøbunnsystemer og NA-O Elvebunnsystemer, langs kysten grenser den mot NA-M Saltvannsbunnsystemer.</p>\n'], 'References': None, 'Fields': None}, {'Name': 'collection', 'Language': None, 'Values': [], 'References': ['Nodes/329708'], 'Fields': []}, {'Name': 'descriptioncontent', 'Language': None, 'Values': [], 'References': ['Nodes/353396', 'Nodes/353282', 'Nodes/353358', 'Nodes/353320'], 'Fields': []}, {'Name': 'heading', 'Language': 'nb', 'Values': ['<p>Fastmarkssystemer</p>\n'], 'References': [], 'Fields': []}, {'Name': 'intro', 'Language': 'nb', 'Values': ['<p><strong>Hovedtypegruppa omfatter alle økosystemer på land der marka ikke er permanent vannmettet</strong></p>\n'], 'References': [], 'Fields': []}, {'Name': 'metadata', 'Language': None, 'Values': [], 'References': [], 'Fields': [{'Name': 'reference', 'Language': None, 'Values': [], 'References': ['Nodes/316379'], 'Fields': []}, {'Name': 'tags', 'Language': None, 'Values': [], 'References': ['Nodes/T10'], 'Fields': []}]}, {'Name': 'metadata', 'Language': None, 'Values': [], 'References': [], 'Fields': [{'Name': 'reference', 'Language': None, 'Values': [], 'References': ['Nodes/133470'], 'Fields': []}, {'Name': 'tags', 'Language': None, 'Values': [], 'References': ['Nodes/T13'], 'Fields': []}]}, {'Name': 'reference', 'Language': None, 'Values': [], 'References': ['Nodes/348280'], 'Fields': []}, {'Name': 'tags', 'Language': None, 'Values': [], 'References': ['Nodes/T127', 'Nodes/T367'], 'Fields': []}, {'Name': 'groups', 'Language': None, 'Values': ['default'], 'References': ['Nodes/329707'], 'Fields': []}]}, {'References': ['Nodes/353930', 'Nodes/T73', 'Nodes/349615', 'Nodes/348280', 'Nodes/133452'], 'Keys': ['public'], '_': None, 'Id': 'Nodes/F53715', 'Title': 'P1100280_red.JPG', 'Type': 'image', 'Languages': None, 'Created': None, 'Published': None, 'Changed': '2023-11-15T10:33:16Z', 'Fields': [{'Name': 'fileuri', 'Language': None, 'Values': ['cms/system/files/353930/P1100280_red.JPG'], 'References': None, 'Fields': None}, {'Name': 'mime', 'Language': None, 'Values': ['image/jpeg'], 'References': None, 'Fields': None}, {'Name': 'annotation', 'Language': None, 'Values': ['<p>Borge, Bø, Vestvågøy, Nordland.</p>\n'], 'References': [], 'Fields': []}, {'Name': 'collection', 'Language': None, 'Values': [], 'References': ['Nodes/353930'], 'Fields': []}, {'Name': 'license', 'Language': None, 'Values': [], 'References': ['Nodes/T73'], 'Fields': []}, {'Name': 'metadata', 'Language': None, 'Values': [], 'References': [], 'Fields': [{'Name': 'reference', 'Language': None, 'Values': [], 'References': ['Nodes/133452'], 'Fields': []}]}, {'Name': 'reference', 'Language': None, 'Values': [], 'References': ['Nodes/349615', 'Nodes/348280'], 'Fields': []}]}];200
Hovedtypegruppe;Våtmarkssystemer;NA-V;NIN-3.0-T-C-PE-NA-MB-NA-V;True;[{'References': ['Nodes/353930', 'Nodes/T73', 'Nodes/350642', 'Nodes/348281', 'Nodes/133452'], 'Keys': ['public'], '_': None, 'Id': 'Nodes/F53716', 'Title': 'P1100401_red.JPG', 'Type': 'image', 'Languages': None, 'Created': None, 'Published': None, 'Changed': '2023-11-15T09:03:31Z', 'Fields': [{'Name': 'fileuri', 'Language': None, 'Values': ['cms/system/files/353930/P1100401_red.JPG'], 'References': None, 'Fields': None}, {'Name': 'mime', 'Language': None, 'Values': ['image/jpeg'], 'References': None, 'Fields': None}, {'Name': 'annotation', 'Language': None, 'Values': ['<p>Tuer og høljer. Lahaugmyran, Sortland, Nordland.</p>\n'], 'References': [], 'Fields': []}, {'Name': 'collection', 'Language': None, 'Values': [], 'References': ['Nodes/353930'], 'Fields': []}, {'Name': 'license', 'Language': None, 'Values': [], 'References': ['Nodes/T73'], 'Fields': []}, {'Name': 'metadata', 'Language': None, 'Values': [], 'References': [], 'Fields': [{'Name': 'reference', 'Language': None, 'Values': [], 'References': ['Nodes/133452'], 'Fields': []}]}, {'Name': 'reference', 'Language': None, 'Values': [], 'References': ['Nodes/350642', 'Nodes/348281'], 'Fields': []}]}, {'References': ['Nodes/329708', 'Nodes/353816', 'Nodes/353793', 'Nodes/357683', 'Nodes/353839', 'Nodes/357637', 'Nodes/353862', 'Nodes/357660', 'Nodes/357614', 'Nodes/348281', 'Nodes/T127', 'Nodes/T367', 'Nodes/329707', 'Nodes/133452', 'Nodes/T10', 'Nodes/133457', 'Nodes/T13'], 'Keys': ['1654257568'], '_': None, 'Id': 'Nodes/354159', 'Title': 'Våtmarkssystemer NIN-3.0-T-C-PE-NA-MB-NA-V', 'Type': 'description', 'Languages': ['nb'], 'Created': '2023-11-06T13:24:26Z', 'Published': '2023-11-23T08:34:03Z', 'Changed': '2023-11-23T08:34:03Z', 'Fields': [{'Name': 'body', 'Language': 'nb', 'Values': ['<p>NA-V Våtmarkssystemer omfatter permanent vannmettet mark på land, først og fremst myrer og kilder, med en artssammensetning som er tilpasset liv i et substrat med konstant, høy fuktighet. De fleste hovedtypene er torvproduserende systemer, men også ikke torvproduserende (grunn) våtmark inngår i hovedtypegruppa. Hovedtypegruppa glir gradvis over i ferskvannsbunnsystemer (NA-L Innsjøbunnsystemer og NA-O Elvebunnsystemer), der bunnen er dekt av vann det meste av vekstsesongen.</p>\n'], 'References': None, 'Fields': None}, {'Name': 'collection', 'Language': None, 'Values': [], 'References': ['Nodes/329708'], 'Fields': []}, {'Name': 'descriptioncontent', 'Language': None, 'Values': [], 'References': ['Nodes/353816', 'Nodes/353793', 'Nodes/357683', 'Nodes/353839', 'Nodes/357637', 'Nodes/353862', 'Nodes/357660', 'Nodes/357614'], 'Fields': []}, {'Name': 'heading', 'Language': 'nb', 'Values': ['<p>Våtmarkssystemer</p>\n'], 'References': [], 'Fields': []}, {'Name': 'intro', 'Language': 'nb', 'Values': ['<p><strong>Hovedtypegruppa omfatter alle økosystemer på land med permanent vannmettet, men ikke oversvømt mark. Myrer og kilder utgjør størstedelen av hovedtypegruppa.</strong></p>\n'], 'References': [], 'Fields': []}, {'Name': 'metadata', 'Language': None, 'Values': [], 'References': [], 'Fields': [{'Name': 'reference', 'Language': None, 'Values': [], 'References': ['Nodes/133452'], 'Fields': []}, {'Name': 'tags', 'Language': None, 'Values': [], 'References': ['Nodes/T10'], 'Fields': []}]}, {'Name': 'metadata', 'Language': None, 'Values': [], 'References': [], 'Fields': [{'Name': 'reference', 'Language': None, 'Values': [], 'References': ['Nodes/133457'], 'Fields': []}, {'Name': 'tags', 'Language': None, 'Values': [], 'References': ['Nodes/T13'], 'Fields': []}]}, {'Name': 'reference', 'Language': None, 'Values': [], 'References': ['Nodes/348281'], 'Fields': []}, {'Name': 'tags', 'Language': None, 'Values': [], 'References': ['Nodes/T127', 'Nodes/T367'], 'Fields': []}, {'Name': 'groups', 'Language': None, 'Values': ['default'], 'References': ['Nodes/329707'], 'Fields': []}]}];200
Hovedtypegruppe;Innsjøbunnsystemer;NA-L;NIN-3.0-T-C-PE-NA-MB-NA-L;True;[{'References': ['Nodes/T73', 'Nodes/348275', 'Nodes/316379', 'Nodes/T10'], 'Keys': ['public'], '_': None, 'Id': 'Nodes/F53745', 'Title': 'NA-L_nr1_v2.JPG', 'Type': 'image', 'Languages': None, 'Created': None, 'Published': None, 'Changed': '2023-11-13T09:47:13Z', 'Fields': [{'Name': 'fileuri', 'Language': None, 'Values': ['cms/system/files/353930/NA-L_nr1_v2.JPG'], 'References': None, 'Fields': None}, {'Name': 'mime', 'Language': None, 'Values': ['image/jpeg'], 'References': None, 'Fields': None}, {'Name': 'license', 'Language': None, 'Values': [], 'References': ['Nodes/T73'], 'Fields': []}, {'Name': 'metadata', 'Language': None, 'Values': [], 'References': [], 'Fields': [{'Name': 'reference', 'Language': None, 'Values': [], 'References': ['Nodes/316379'], 'Fields': []}, {'Name': 'tags', 'Language': None, 'Values': [], 'References': ['Nodes/T10'], 'Fields': []}]}, {'Name': 'reference', 'Language': None, 'Values': [], 'References': ['Nodes/348275'], 'Fields': []}]}, {'References': ['Nodes/329708', 'Nodes/351690', 'Nodes/351691', 'Nodes/351692', 'Nodes/351693', 'Nodes/353575', 'Nodes/348275', 'Nodes/T127', 'Nodes/T367', 'Nodes/329707', 'Nodes/316379', 'Nodes/T10', 'Nodes/133470', 'Nodes/T13'], 'Keys': ['1654257568'], '_': None, 'Id': 'Nodes/351702', 'Title': 'Innsjøbunnsystemer NIN-3.0-T-C-PE-NA-MB-NA-L', 'Type': 'description', 'Languages': ['nb'], 'Created': '2023-10-05T11:06:24Z', 'Published': '2023-11-14T10:02:20Z', 'Changed': '2023-11-14T10:02:20Z', 'Fields': [{'Name': 'body', 'Language': 'nb', 'Values': ['<p>NA-L Innsjøbunnsystemer omfatter alle økosystemer på bunnen i innsjøer, dvs. alle arealer som ligger under medianvannstanden. Dette er alle arealer som er vanndekt mer enn 50 % av tiden med vannmasser som har en saltholdighet på mindre enn 0,5 ‰, og med et komplett planktonisk krepsdyrsamfunn.  Hovedtypegruppa vil alltid være koblet til NA-F Limniske vannmassesystemer, og grenser til NA-O Elvebunnsystemer ved innløpsos og utløpsos i innsjøer. NA-L Innsjøbunnsystemer grenser til NA-T Fastmarkssystemer og NA-V Våtmarkssystemer på land.</p>\n'], 'References': None, 'Fields': None}, {'Name': 'collection', 'Language': None, 'Values': [], 'References': ['Nodes/329708'], 'Fields': []}, {'Name': 'descriptioncontent', 'Language': None, 'Values': [], 'References': ['Nodes/351690', 'Nodes/351691', 'Nodes/351692', 'Nodes/351693', 'Nodes/353575'], 'Fields': []}, {'Name': 'heading', 'Language': 'nb', 'Values': ['<p>Innsjøbunnsystemer</p>\n'], 'References': [], 'Fields': []}, {'Name': 'intro', 'Language': 'nb', 'Values': ['<p><strong>Hovedtypegruppa omfatter alle økosystemer på bunnen i innsjøer</strong></p>\n'], 'References': [], 'Fields': []}, {'Name': 'metadata', 'Language': None, 'Values': [], 'References': [], 'Fields': [{'Name': 'reference', 'Language': None, 'Values': [], 'References': ['Nodes/316379'], 'Fields': []}, {'Name': 'tags', 'Language': None, 'Values': [], 'References': ['Nodes/T10'], 'Fields': []}]}, {'Name': 'metadata', 'Language': None, 'Values': [], 'References': [], 'Fields': [{'Name': 'reference', 'Language': None, 'Values': [], 'References': ['Nodes/133470'], 'Fields': []}, {'Name': 'tags', 'Language': None, 'Values': [], 'References': ['Nodes/T13'], 'Fields': []}]}, {'Name': 'reference', 'Language': None, 'Values': [], 'References': ['Nodes/348275'], 'Fields': []}, {'Name': 'tags', 'Language': None, 'Values': [], 'References': ['Nodes/T127', 'Nodes/T367'], 'Fields': []}, {'Name': 'groups', 'Language': None, 'Values': ['default'], 'References': ['Nodes/329707'], 'Fields': []}]}];200
Hovedtypegruppe;Marine bunnsystemer;NA-M;NIN-3.0-T-C-PE-NA-MB-NA-M;True;[{'References': ['Nodes/T72', 'Nodes/348276', 'Nodes/T10'], 'Keys': ['public'], '_': None, 'Id': 'Nodes/F53735', 'Title': 'NA-M_Marine_bunnsystemer.jpg', 'Type': 'image', 'Languages': None, 'Created': None, 'Published': None, 'Changed': '2023-11-13T03:08:38Z', 'Fields': [{'Name': 'fileuri', 'Language': None, 'Values': ['cms/system/files/353930/NA-M_Marine_bunnsystemer.jpg'], 'References': None, 'Fields': None}, {'Name': 'mime', 'Language': None, 'Values': ['image/jpeg'], 'References': None, 'Fields': None}, {'Name': 'license', 'Language': None, 'Values': [], 'References': ['Nodes/T72'], 'Fields': []}, {'Name': 'metadata', 'Language': None, 'Values': [], 'References': [], 'Fields': [{'Name': 'tags', 'Language': None, 'Values': [], 'References': ['Nodes/T10'], 'Fields': []}, {'Name': 'value', 'Language': None, 'Values': ['Trine Bekkby'], 'References': [], 'Fields': []}]}, {'Name': 'reference', 'Language': None, 'Values': [], 'References': ['Nodes/348276'], 'Fields': []}]}];200
Hovedtypegruppe;Elvebunnsystemer;NA-O;NIN-3.0-T-C-PE-NA-MB-NA-O;True;[{'References': ['Nodes/329708', 'Nodes/356774', 'Nodes/353505', 'Nodes/353679', 'Nodes/353636', 'Nodes/353593', 'Nodes/348277', 'Nodes/T127', 'Nodes/T367', 'Nodes/329707', 'Nodes/316379', 'Nodes/T10', 'Nodes/133470', 'Nodes/T13'], 'Keys': ['1654257568'], '_': None, 'Id': 'Nodes/353722', 'Title': 'Elvebunnsystemer NIN-3.0-T-C-PE-NA-MB-NA-O', 'Type': 'description', 'Languages': ['nb'], 'Created': '2023-10-27T07:25:22Z', 'Published': '2023-11-14T10:02:20Z', 'Changed': '2023-11-14T10:02:20Z', 'Fields': [{'Name': 'body', 'Language': 'nb', 'Values': ['<p>NA-O Elvebunnsystemer omfatter alle økosystemer på bunnen i elver , dvs. alle arealer som ligger under medianvannstaden. Dette er alle arealer som er vanndekt mer enn 50 % av tiden med vannmasser som har en saltholdighet på mindre enn 0,5 ‰, og som mangler et planktonisk krepsdyrsamfunn.  Hovedtypegruppa vil alltid være koblet til NA-F Limniske vannmassesystemer, og grenser til NA-L Innsjøbunnsystemer ved innløpsos og utløpsos i innsjøer. NA-O Elvebunnsystemer grenser til NA-T Fastmarkssystemer og NA-V Våtmarkssystemer på land.</p>\n'], 'References': None, 'Fields': None}, {'Name': 'collection', 'Language': None, 'Values': [], 'References': ['Nodes/329708'], 'Fields': []}, {'Name': 'descriptioncontent', 'Language': None, 'Values': [], 'References': ['Nodes/356774', 'Nodes/353505', 'Nodes/353679', 'Nodes/353636', 'Nodes/353593'], 'Fields': []}, {'Name': 'heading', 'Language': 'nb', 'Values': ['<p>Elvebunnsystemer</p>\n'], 'References': [], 'Fields': []}, {'Name': 'intro', 'Language': 'nb', 'Values': ['<p><strong>Hovedtypegruppa omfatter alle økosystemer på bunnen i elver</strong></p>\n'], 'References': [], 'Fields': []}, {'Name': 'metadata', 'Language': None, 'Values': [], 'References': [], 'Fields': [{'Name': 'reference', 'Language': None, 'Values': [], 'References': ['Nodes/316379'], 'Fields': []}, {'Name': 'tags', 'Language': None, 'Values': [], 'References': ['Nodes/T10'], 'Fields': []}]}, {'Name': 'metadata', 'Language': None, 'Values': [], 'References': [], 'Fields': [{'Name': 'reference', 'Language': None, 'Values': [], 'References': ['Nodes/133470'], 'Fields': []}, {'Name': 'tags', 'Language': None, 'Values': [], 'References': ['Nodes/T13'], 'Fields': []}]}, {'Name': 'reference', 'Language': None, 'Values': [], 'References': ['Nodes/348277'], 'Fields': []}, {'Name': 'tags', 'Language': None, 'Values': [], 'References': ['Nodes/T127', 'Nodes/T367'], 'Fields': []}, {'Name': 'groups', 'Language': None, 'Values': ['default'], 'References': ['Nodes/329707'], 'Fields': []}]}, {'References': ['Nodes/353930', 'Nodes/T73', 'Nodes/348373', 'Nodes/348277', 'Nodes/316379'], 'Keys': ['public'], '_': None, 'Id': 'Nodes/F53450', 'Title': 'OA01_nr1.jpg', 'Type': 'image', 'Languages': None, 'Created': None, 'Published': None, 'Changed': '2023-11-15T09:14:51Z', 'Fields': [{'Name': 'fileuri', 'Language': None, 'Values': ['cms/system/files/353930/OA01_nr1.jpg'], 'References': None, 'Fields': None}, {'Name': 'mime', 'Language': None, 'Values': ['image/jpeg'], 'References': None, 'Fields': None}, {'Name': 'annotation', 'Language': None, 'Values': ['<p>Fast noe kalkfattig elvebunn i Sjoa i Sel kommune. Ridderspranget, Sel, Oppland.</p>\n'], 'References': [], 'Fields': []}, {'Name': 'collection', 'Language': None, 'Values': [], 'References': ['Nodes/353930'], 'Fields': []}, {'Name': 'license', 'Language': None, 'Values': [], 'References': ['Nodes/T73'], 'Fields': []}, {'Name': 'metadata', 'Language': None, 'Values': [], 'References': [], 'Fields': [{'Name': 'reference', 'Language': None, 'Values': [], 'References': ['Nodes/316379'], 'Fields': []}]}, {'Name': 'reference', 'Language': None, 'Values': [], 'References': ['Nodes/348373', 'Nodes/348277'], 'Fields': []}]}];200
Hovedtype;Blomsterenger, usprøytete vegkanter og liknende med semi-naturlig hevdpreg;NA-TN02;NIN-3.0-T-C-PE-NA-MB-A-TN02;False;;404
Hovedtype;Vegkanter, plener, parker og liknende uten semi-naturlig hevdpreg;NA-TN03;NIN-3.0-T-C-PE-NA-MB-A-TN03;False;;404
Hovedtype;Åker;NA-TO01;NIN-3.0-T-C-PE-NA-MB-A-TO01;False;;404
Hovedtype;Ny torvmark på menneskebetinget forsumpet fastmark;NA-VM03;NIN-3.0-T-C-PE-NA-MB-A-VM03;False;;404
Hovedtype;Sterkt endret, ikke torvproduserende våtmark;NA-VM04;NIN-3.0-T-C-PE-NA-MB-A-VM04;True;"[{'References': ['Nodes/329708', 'Nodes/353835', 'Nodes/353812', 'Nodes/357702', 'Nodes/353858', 'Nodes/357656', 'Nodes/353881', 'Nodes/357679', 'Nodes/357633', 'Nodes/348549', 'Nodes/T127', 'Nodes/T367', 'Nodes/329707', 'Nodes/133452', 'Nodes/T10', 'Nodes/133457', 'Nodes/T13'], 'Keys': ['1654257568'], '_': None, 'Id': 'Nodes/357724', 'Title': 'Sterkt endret, ikke torvproduserende våtmark NIN-3.0-T-C-PE-NA-MB-V-M-04', 'Type': 'description', 'Languages': ['nb'], 'Created': '2023-11-23T08:34:03Z', 'Published': '2023-11-23T08:34:03Z', 'Changed': '2023-11-23T08:34:03Z', 'Fields': [{'Name': 'body', 'Language': 'nb', 'Values': ['<p>NA-VM04 Sterkt endret,  ikke produserende våtmark omfatter hovedsakelig myr som etter inngrep har mistet sin torvproduserende evne. Ei myr er ei torvmark der det aktivt produseres torv og ei torvmark er et område med torv, det vil si ufullstendig nedbrutt plantemateriale som er produsert på stedet. Hovedtypen NA-VM04 omfatter også grunn våtmark (det vil si våtmark der det i utgangspunktet ikke produseres torv) som er gjennomgripende endret på grunn av menneskepåvirkning, for eksempel grunnkilder som påvirkes av vegbygging. To typer fysiske inngrep i torvmark kan resultere i sterkt endret våtmark: Grøfting (drenering) for å tømme våtmarka for vann og omforme den til en fastmark, og uttak av torv. Torvmark har blitt grøftet for skogreising og tømmerproduksjon, for industri- og boligutbygging og for oppdyrking til åker og varig eng. Uttak av torv har først og fremst hatt to formål, til brensel og torvstrø. Plantematerialet i torvmark utgjøres for det meste av døde torvmoser <em>Sphagnum</em> spp., som i tørr tilstand kan suge opp store væskemengder. Det gjør torvstrø velegnet som jordforbedringsmiddel, for eksempel for innblanding i tung, leirrik jord. Torv har også vært mye brukt som strø i fjøs og stall fordi det effektivt suger opp urin, hindrer at næringsstoffer går til spille og bidrar til gode hygieniske forhold.<br />\nGrøfting og uttak av torv fører vanligvis til reduksjon av torvmarkenes evne til å akkumulere torv, men så lenge inngrepene ikke forårsaker endring til fastmark eller innsjøbunn, kan torvproduksjonen fortsette etter inngrepet. NA-VM01 omfatter sterkt endret torvmark som fortsatt akkumulerer torv. Torvmark som har mistet evnen til torvproduksjon etter grøfting, men fortsatt er våtmark, skal tilordnes NA-VM04 Sterkt endret, ikke torvproduserende våtmark. De to typene av inngrep har svært ulike effekter på miljøet og dermed også på artssammensetningen. Grøfting medfører uttørking og resulterer ofte i tap av den torvproduserende evnen. Torvuttak medfører derimot redusert avstand fra torvoverflata til vannvannsspeilet og gjør at den resterende torvmarka blir våtere. Uttak av det øverste torvlaget til brensel på tradisjonelt vis (se ""utfyllende opplysninger"") førte sjelden til at torvproduksjonen opphørte. Tvert imot kunne den vannmettete, eksponerte torva gi gode betingelser for torvmosevekst slik at torvakkumuleringen fortsatte, ofte med større hastighet enn før. Større uttak av torv, som ved industriell torvstrøproduksjon, har derimot mange steder etterlatt store, vannfylte graver som må plasseres i den sterkt endrete innsjøbunn-hovedtypen NA-LM03 Ny innsjøbunn med opphav i våtmarkssystemer.</p>\n'], 'References': None, 'Fields': None}, {'Name': 'collection', 'Language': None, 'Values': [], 'References': ['Nodes/329708'], 'Fields': []}, {'Name': 'descriptioncontent', 'Language': None, 'Values': [], 'References': ['Nodes/353835', 'Nodes/353812', 'Nodes/357702', 'Nodes/353858', 'Nodes/357656', 'Nodes/353881', 'Nodes/357679', 'Nodes/357633'], 'Fields': []}, {'Name': 'heading', 'Language': 'nb', 'Values': ['<p>Sterkt endret, ikke torvproduserende våtmark</p>\n'], 'References': [], 'Fields': []}, {'Name': 'intro', 'Language': 'nb', 'Values': ['<p><strong>Hovedtypen omfatter våtmark som har blitt sterkt endret gjennom inngrep og som ikke (lengre) akkumulerer torv, først og fremst torvmark som er grøftet (drenert) eller der det har vært tatt ut torv, men også grunn våtmark.</strong></p>\n'], 'References': [], 'Fields': []}, {'Name': 'metadata', 'Language': None, 'Values': [], 'References': [], 'Fields': [{'Name': 'reference', 'Language': None, 'Values': [], 'References': ['Nodes/133452'], 'Fields': []}, {'Name': 'tags', 'Language': None, 'Values': [], 'References': ['Nodes/T10'], 'Fields': []}]}, {'Name': 'metadata', 'Language': None, 'Values': [], 'References': [], 'Fields': [{'Name': 'reference', 'Language': None, 'Values': [], 'References': ['Nodes/133457'], 'Fields': []}, {'Name': 'tags', 'Language': None, 'Values': [], 'References': ['Nodes/T13'], 'Fields': []}]}, {'Name': 'reference', 'Language': None, 'Values': [], 'References': ['Nodes/348549'], 'Fields': []}, {'Name': 'tags', 'Language': None, 'Values': [], 'References': ['Nodes/T127', 'Nodes/T367'], 'Fields': []}, {'Name': 'groups', 'Language': None, 'Values': ['default'], 'References': ['Nodes/329707'], 'Fields': []}]}, {'References': ['Nodes/353930', 'Nodes/T73', 'Nodes/350690', 'Nodes/348549', 'Nodes/133452'], 'Keys': ['public'], '_': None, 'Id': 'Nodes/F53717', 'Title': 'P1100868.JPG', 'Type': 'image', 'Languages': None, 'Created': None, 'Published': None, 'Changed': '2023-11-15T09:39:51Z', 'Fields': [{'Name': 'fileuri', 'Language': None, 'Values': ['cms/system/files/353930/P1100868.JPG'], 'References': None, 'Fields': None}, {'Name': 'mime', 'Language': None, 'Values': ['image/jpeg'], 'References': None, 'Fields': None}, {'Name': 'annotation', 'Language': None, 'Values': ['<p>Eikefjord, Eikevolltjønnmyra, Flora, Sogn og Fjordane.</p>\n'], 'References': [], 'Fields': []}, {'Name': 'collection', 'Language': None, 'Values': [], 'References': ['Nodes/353930'], 'Fields': []}, {'Name': 'license', 'Language': None, 'Values': [], 'References': ['Nodes/T73'], 'Fields': []}, {'Name': 'metadata', 'Language': None, 'Values': [], 'References': [], 'Fields': [{'Name': 'reference', 'Language': None, 'Values': [], 'References': ['Nodes/133452'], 'Fields': []}]}, {'Name': 'reference', 'Language': None, 'Values': [], 'References': ['Nodes/350690', 'Nodes/348549'], 'Fields': []}]}]";200
Grunntype;Svært kalkfattige og klare lagdelte innsjø-vannmassesystemer uten fisk;FA01-01;NIN-3.0-T-C-PE-NA-VM-FA01-01;True;[];200
Grunntype;Svært kalkfattige og humøse lagdelte innsjø-vannmassesystemer uten fisk;FA01-02;NIN-3.0-T-C-PE-NA-VM-FA01-02;True;[];200
Grunntype;Noe kalkfattige og klare lagdelte innsjø-vannmassesystemer uten fisk;FA01-03;NIN-3.0-T-C-PE-NA-VM-FA01-03;True;[];200
Grunntype;Noe kalkfattige og humøse lagdelte innsjø-vannmassesystemer uten fisk;FA01-04;NIN-3.0-T-C-PE-NA-VM-FA01-04;True;[];200
Grunntype;Moderat kalkrike lagdelte innsjø-vannmassesystemer uten fisk;FA01-05;NIN-3.0-T-C-PE-NA-VM-FA01-05;True;[];200
Kartleggingsenhet;Varig snø;IA01-M005-01;NiN-3.0-T-C-PE-NA-MB-IA01-M005-01;True;[];200
Kartleggingsenhet;Jevn breoverflate;IA01-M005-02;NiN-3.0-T-C-PE-NA-MB-IA01-M005-02;True;[];200
Kartleggingsenhet;Kryokonitt-preget breoverflate;IA01-M005-03;NiN-3.0-T-C-PE-NA-MB-IA01-M005-03;True;[];200
Kartleggingsenhet;Polar havis-overside;IA01-M005-04;NiN-3.0-T-C-PE-NA-MB-IA01-M005-04;True;[];200
Kartleggingsenhet;Svært kalkfattig og beskyttet fast strandkant-innsjøbunn;LA01-M005-01;NiN-3.0-T-C-PE-NA-MB-LA01-M005-01;True;[{'References': ['Nodes/329708', 'Nodes/355037', 'Nodes/354949', 'Nodes/355544', 'Nodes/350051', 'Nodes/T127', 'Nodes/T367', 'Nodes/329707', 'Nodes/316379', 'Nodes/T10', 'Nodes/133470', 'Nodes/T13'], 'Keys': ['1654257568'], '_': None, 'Id': 'Nodes/355166', 'Title': 'Svært kalkfattig og beskyttet fast strandkant-innsjøbunn NiN-3.0-T-C-PE-NA-MB-LA01-M005-01', 'Type': 'description', 'Languages': ['nb'], 'Created': '2023-11-09T20:35:03Z', 'Published': '2023-11-13T19:03:34Z', 'Changed': '2023-11-13T19:03:34Z', 'Fields': [{'Name': 'body', 'Language': 'nb', 'Values': ['<p>Kartleggingsenheten omfatter sonen med fast bunn i strandkanten, som kan tørrlegges i perioder. Denne sonen er ofte helt uten vegetasjon. Bunnen kan bestå av fast fjell eller blokker som vind eller strømninger ikke greier å flytte på. Det betyr ofte stein som er større enn 64 mm i de minst bølgepåvirkede innsjøene, og oppover til fast fjell. I innsjøer hvor fastbunnen har sin opprinnelse i fluviale prosesser, er ofte stein og blokker avrundet. Kalkfattig berggrunn med kvartsitt, gneis eller granitt med tilhørende løsmasser i nedbørfeltet, kan gi grunnlag for denne kartleggingsenheten. Kan forekomme sammensatt med kalkfattige utforminger av NA-LA02 Eufotisk innsjø-sedimentbunn.</p>\n'], 'References': None, 'Fields': None}, {'Name': 'collection', 'Language': None, 'Values': [], 'References': ['Nodes/329708'], 'Fields': []}, {'Name': 'descriptioncontent', 'Language': None, 'Values': [], 'References': ['Nodes/355037', 'Nodes/354949', 'Nodes/355544'], 'Fields': []}, {'Name': 'heading', 'Language': 'nb', 'Values': ['<p>Svært kalkfattig og beskyttet fast strandkant-innsjøbunn</p>\n'], 'References': [], 'Fields': []}, {'Name': 'intro', 'Language': 'nb', 'Values': ['<p><strong>Kartleggingsenheten omfatter lite eksponerte strandkanter med fastbunn i svært kalkfattige innsjøer.</strong></p>\n'], 'References': [], 'Fields': []}, {'Name': 'metadata', 'Language': None, 'Values': [], 'References': [], 'Fields': [{'Name': 'reference', 'Language': None, 'Values': [], 'References': ['Nodes/316379'], 'Fields': []}, {'Name': 'tags', 'Language': None, 'Values': [], 'References': ['Nodes/T10'], 'Fields': []}]}, {'Name': 'metadata', 'Language': None, 'Values': [], 'References': [], 'Fields': [{'Name': 'reference', 'Language': None, 'Values': [], 'References': ['Nodes/133470'], 'Fields': []}, {'Name': 'tags', 'Language': None, 'Values': [], 'References': ['Nodes/T13'], 'Fields': []}]}, {'Name': 'reference', 'Language': None, 'Values': [], 'References': ['Nodes/350051'], 'Fields': []}, {'Name': 'tags', 'Language': None, 'Values': [], 'References': ['Nodes/T127', 'Nodes/T367'], 'Fields': []}, {'Name': 'groups', 'Language': None, 'Values': ['default'], 'References': ['Nodes/329707'], 'Fields': []}]}];200
Variabel;Abiotisk menneskebetinget;A-M;NIN-3.0-V-A-M;True;[];200
Variabel;Abiotisk naturgitt;A-N;NIN-3.0-V-A-N;True;[];200
Variabel;Biotisk menneskebetinget;B-M;NIN-3.0-V-B-M;True;[];200
Variabel;Biotisk naturgitt;B-N;NIN-3.0-V-B-N;True;[];200
Variabelnavn;Fremmedartsantall;AD-FA;NiN-3.0-V-B-M-AD-GE-FA-FA-W;True;[];200
Variabelnavn;Relativ fremmedartsdekning;AD-FD;NiN-3.0-V-B-M-AD-GE-FA-FD-W;True;[];200
Variabelnavn;Relativ fremmedartsandel;AD-FR;NiN-3.0-V-B-M-AD-GE-FA-FR-W;True;[];200
Variabelnavn;Suksesjonsstadium;AD-IE;NiN-3.0-V-B-M-AD-GK-W-IE-W;True;"[{'References': ['Nodes/329708', 'Nodes/354480', 'Nodes/354294', 'Nodes/354573', 'Nodes/354666', 'Nodes/356927', 'Nodes/357024', 'Nodes/351332', 'Nodes/T127', 'Nodes/T367', 'Nodes/329707', 'Nodes/133452', 'Nodes/T10', 'Nodes/133457', 'Nodes/T13'], 'Keys': ['1654257568'], '_': None, 'Id': 'Nodes/354854', 'Title': 'Suksesjonsstadium NiN-3.0-V-B-M-AD-GK-W-IE-W', 'Type': 'description', 'Languages': ['nb'], 'Created': '2023-11-09T07:23:01Z', 'Published': '2023-11-14T12:33:06Z', 'Changed': '2023-11-14T12:33:06Z', 'Fields': [{'Name': 'body', 'Language': 'nb', 'Values': [""<p>Med suksesjon menes en mer eller mindre lovmessig endring i artssammensetning over tid som innebærer at en endringsgjeld innfris. En endringsgjeld er en forventet framtidig endring i artssammensetning som følge av ubalanse mellom den aktuelle artssammensetningen og de rådende miljøforholdene, som oppstår på grunn av en brå endring i miljøforholdene (i denne sammenhengen bruker vi begrepet 'påvirkningen' om årsaken til endringen i miljøforholdene). Påvirkingen kan skyldes (mer eller mindre) naturlige prosesser som for eksempel insektangrep (biller i skogsmark), flom eller tørke, eller menneskebetingete inngrep som for eksempel grøfting av ei myr og regulering av vannføringen i ei elv. Påvirkningen kan også være opphør av en prosess som har formet et økosystem gjennom lang tid og som er grunnen til at det opprettholdes, for eksempel slått eller beiting.Enhver suksesjon, naturgitt eller menneskebetinget, kan karakteriseres ved tre grunnleggende egenskaper som hver kan uttrykkes i én variabel: (1) påvirkningen, (2) den forventete endringsgjelden ved starten av suksesjonen, det vil si umiddelbart etter at påvirkningen fant sted, og (3) hvilket stadium i en suksesjon et gitt sted befinner seg på et bestemt tidspunkt. I NiN 3 skiller vi mellom to suksesjonsmønstere, ett for suksesjoner i skog som drives av påvirkning på tresjiktet, og ett for andre suksesjoner, som ikke drives av påvirkning på tresjiktet. AD-IE Suksesjonsstadium beskriver suksesjonsstadiet (suksesjonsegenskap 3) for suksesjoner som ikke drives av påvirkning på tresjiktet. Variabelen er plassert i den basale egenskapskategorien <em>menneskebetinget</em> artssammensetningsdynamikk, men skal også benyttes for suksesjoner utløst av naturgitte påvirkninger. Grunnen til at NiN 3 ikke inneholder parallelle variabler for stadier i naturgitte og menneskebetingete suksesjoner er at det ikke er noen prinsipiell forskjell mellom suksesjonsforløpene i de to tilfellene. AD-IE er plassert i kategorien menneskebetinget artssammensetningsdynamikk fordi menneskebetinget påvirkning er en mye vanligere årsak til suksesjoner i Norge enn naturgitte påvirkninger.</p>\n""], 'References': None, 'Fields': None}, {'Name': 'collection', 'Language': None, 'Values': [], 'References': ['Nodes/329708'], 'Fields': []}, {'Name': 'descriptioncontent', 'Language': None, 'Values': [], 'References': ['Nodes/354480', 'Nodes/354294', 'Nodes/354573', 'Nodes/354666', 'Nodes/356927', 'Nodes/357024'], 'Fields': []}, {'Name': 'heading', 'Language': 'nb', 'Values': ['<p>Suksesjonsstadium</p>\n'], 'References': [], 'Fields': []}, {'Name': 'intro', 'Language': 'nb', 'Values': ['<p><strong>AD-IE Suksesjonsstadium er en generisk variabel for å beskrive hvilket stadium i en suksesjon et gitt sted befinner seg til på et bestemt tidspunkt.</strong></p>\n'], 'References': [], 'Fields': []}, {'Name': 'metadata', 'Language': None, 'Values': [], 'References': [], 'Fields': [{'Name': 'reference', 'Language': None, 'Values': [], 'References': ['Nodes/133452'], 'Fields': []}, {'Name': 'tags', 'Language': None, 'Values': [], 'References': ['Nodes/T10'], 'Fields': []}]}, {'Name': 'metadata', 'Language': None, 'Values': [], 'References': [], 'Fields': [{'Name': 'reference', 'Language': None, 'Values': [], 'References': ['Nodes/133457'], 'Fields': []}, {'Name': 'tags', 'Language': None, 'Values': [], 'References': ['Nodes/T13'], 'Fields': []}]}, {'Name': 'reference', 'Language': None, 'Values': [], 'References': ['Nodes/351332'], 'Fields': []}, {'Name': 'tags', 'Language': None, 'Values': [], 'References': ['Nodes/T127', 'Nodes/T367'], 'Fields': []}, {'Name': 'groups', 'Language': None, 'Values': ['default'], 'References': ['Nodes/329707'], 'Fields': []}]}]";200
Variabelnavn;Kystlyngheias utviklingsfaser;AD-KU;NiN-3.0-V-B-M-AD-GK-W-KU-W;True;[];200
